date,year,month,mc,v_flow_mean_mean,v_flow_mean,v_loss_cover,v_rainfall_total
2018-01-01,2018,1,1,3.2106948,1.6,0.072060005,222.87
2018-02-01,2018,2,1,2.846781,1.57,0.07225645,143.49
2018-03-01,2018,3,1,2.5330017,2.1,0.07245289499999999,274.72
2018-04-01,2018,4,1,2.4834805,2.99,0.07264933999999999,65.35
2018-05-01,2018,5,1,3.269776,3.4,0.072845785,214.84
2018-06-01,2018,6,1,3.1647637,4.61,0.07304223,145.44
2018-07-01,2018,7,1,2.3598258,4.19,0.073238675,15.04
2018-08-01,2018,8,1,2.3355737,3.46,0.07343511999999999,21.49
2018-09-01,2018,9,1,2.326833,2.31,0.073631565,3.66
2018-10-01,2018,10,1,2.349964,2.48,0.07382801,83.1
2018-11-01,2018,11,1,2.6262615,2.98,0.07402445499999999,302.76
2018-12-01,2018,12,1,2.6280289,2.63,0.07422089999999999,311.0
2019-01-01,2019,1,1,2.9427083,1.64,0.074417345,121.69
2019-02-01,2019,2,1,2.5567358,1.73,0.07463865927332022,102.87
2019-03-01,2019,3,1,2.5953834,2.15,0.07485997354664048,111.12
2019-04-01,2019,4,1,2.9992504,3.0,0.0750812878199607,130.93
2019-05-01,2019,5,1,2.7366307,3.24,0.07530260209328092,201.67
2019-06-01,2019,6,1,2.7144847,4.62,0.07552391636660115,158.1
2019-07-01,2019,7,1,3.5248566,4.38,0.07574523063992139,25.12
2019-08-01,2019,8,1,2.3696008,3.59,0.07596654491324162,1.78
2019-09-01,2019,9,1,2.0118382,2.42,0.07618785918656185,0.89
2019-10-01,2019,10,1,2.8827507,2.48,0.07640917345988207,41.24
2019-11-01,2019,11,1,2.6056802,3.07,0.07663048773320233,109.01
2019-12-01,2019,12,1,2.6280289,2.73,0.07685180200652254,305.9
2018-01-01,2018,1,2,28.909122,33.51,0.050399405999999994,300.21
2018-02-01,2018,2,2,18.291412,20.82,0.05082413041666666,165.63
2018-03-01,2018,3,2,23.222775,12.38,0.05124885483333333,257.0
2018-04-01,2018,4,2,27.765306,25.83,0.05167357925,209.0
2018-05-01,2018,5,2,24.81743,42.04,0.052098303666666665,228.0
2018-06-01,2018,6,2,30.71248,33.5,0.05252302808333333,414.67
2018-07-01,2018,7,2,24.732601,12.26,0.0529477525,190.83
2018-08-01,2018,8,2,21.601788,11.28,0.05337247691666667,111.92
2018-09-01,2018,9,2,15.828382,5.49,0.053797201333333336,52.58
2018-10-01,2018,10,2,23.707767,16.56,0.054221925750000004,184.08
2018-11-01,2018,11,2,24.564552,36.18,0.05464665016666667,376.33
2018-12-01,2018,12,2,29.351048,25.23,0.05507137458333334,479.5
2019-01-01,2019,1,2,17.672327,8.28,0.05549609900000002,47.08
2019-02-01,2019,2,2,20.148546,14.83,0.05600629004056434,82.54
2019-03-01,2019,3,2,27.564838,33.81,0.056516481081128674,238.46
2019-04-01,2019,4,2,32.79855,55.19,0.05702667212169301,260.17
2019-05-01,2019,5,2,31.678015,43.21,0.05753686316225735,273.83
2019-06-01,2019,6,2,31.44887,39.76,0.05804705420282168,292.5
2019-07-01,2019,7,2,25.757647,14.84,0.058557245243386014,105.5
2019-08-01,2019,8,2,23.408133,4.15,0.05906743628395035,95.0
2019-09-01,2019,9,2,7.8078337,3.66,0.05957762732451469,0.0
2019-10-01,2019,10,2,18.291412,13.44,0.060087818365079024,163.0
2019-11-01,2019,11,2,31.280163,40.79,0.06059800940564336,266.83
2019-12-01,2019,12,2,24.262238,28.14,0.06110820044620769,334.17
2018-01-01,2018,1,3,131.3434,114.98,0.024155985,240.15
2018-02-01,2018,2,3,137.45511,85.02,0.02424368533333333,139.07
2018-03-01,2018,3,3,124.3213,79.59,0.02433138566666667,103.45
2018-04-01,2018,4,3,140.43378,178.91,0.024419086,173.77
2018-05-01,2018,5,3,140.58298,226.77,0.024506786333333332,158.98
2018-06-01,2018,6,3,125.059265,304.06,0.024594486666666658,101.29
2018-07-01,2018,7,3,119.37053,215.54,0.024682187,95.78
2018-08-01,2018,8,3,116.34061,176.2,0.02476988733333333,92.01
2018-09-01,2018,9,3,111.37268,119.66,0.02485758766666667,58.85
2018-10-01,2018,10,3,129.58215,126.03,0.024945288,105.17
2018-11-01,2018,11,3,148.28767,142.21,0.025032988333333332,207.35
2018-12-01,2018,12,3,130.64575,89.42,0.025120688666666658,247.36
2019-01-01,2019,1,3,108.62193,73.84,0.025208388999999998,72.2
2019-02-01,2019,2,3,142.10522,97.89,0.02530823028125881,163.36
2019-03-01,2019,3,3,140.5846,118.08,0.025408071562517627,157.51
2019-04-01,2019,4,3,125.373634,165.91,0.025507912843776445,252.9
2019-05-01,2019,5,3,152.64957,214.16,0.02560775412503526,191.45
2019-06-01,2019,6,3,117.17796,321.65,0.025707595406294075,298.01
2019-07-01,2019,7,3,108.51493,193.44,0.02580743668755289,72.7
2019-08-01,2019,8,3,111.36254,160.53,0.025907277968811704,59.22
2019-09-01,2019,9,3,117.587456,79.35,0.02600711925007052,30.26
2019-10-01,2019,10,3,117.587456,111.74,0.026106960531329337,30.88
2019-11-01,2019,11,3,146.48509,116.12,0.02620680181258815,202.79
2019-12-01,2019,12,3,153.61208,114.15,0.02630664309384697,197.87
2018-01-01,2018,1,4,7.308209,6.47,0.074948658,169.02
2018-02-01,2018,2,4,7.0428076,7.95,0.0752730725,151.62
2018-03-01,2018,3,4,9.385493,6.83,0.075597487,482.81
2018-04-01,2018,4,4,10.881804,12.18,0.0759219015,278.79
2018-05-01,2018,5,4,9.481079,12.32,0.07624631600000001,270.64
2018-06-01,2018,6,4,8.527577,7.93,0.0765707305,357.15
2018-07-01,2018,7,4,6.88509,5.84,0.076895145,146.58
2018-08-01,2018,8,4,5.2415557,5.56,0.0772195595,108.53
2018-09-01,2018,9,4,6.8782287,5.86,0.077543974,130.42
2018-10-01,2018,10,4,8.696453,6.09,0.07786838850000001,242.29
2018-11-01,2018,11,4,9.385493,6.83,0.07819280299999999,507.75
2018-12-01,2018,12,4,8.542501,5.47,0.07851721750000001,396.71
2019-01-01,2019,1,4,7.4654303,3.05,0.07884163200000001,173.95
2019-02-01,2019,2,4,7.184915,4.66,0.07921392130708754,132.05
2019-03-01,2019,3,4,8.074368,6.34,0.07958621061417508,243.69
2019-04-01,2019,4,4,9.405678,7.57,0.07995849992126262,293.41
2019-05-01,2019,5,4,8.489791,4.94,0.08033078922835016,410.15
2019-06-01,2019,6,4,9.385493,4.78,0.08070307853543769,461.56
2019-07-01,2019,7,4,7.4234214,3.13,0.08107536784252523,160.12
2019-08-01,2019,8,4,5.4018245,2.54,0.08144765714961276,118.12
2019-09-01,2019,9,4,6.5190215,2.88,0.0818199464567003,60.37
2019-10-01,2019,10,4,7.8203425,3.36,0.08219223576378784,193.77
2019-11-01,2019,11,4,6.9208765,5.21,0.08256452507087537,258.4
2019-12-01,2019,12,4,8.506386,4.42,0.08293681437796291,379.65
2018-01-01,2018,1,5,30.823526,59.9,0.028596246000000002,0.0
2018-02-01,2018,2,5,40.013947,42.98,0.028753064,35.0
2018-03-01,2018,3,5,43.991276,39.74,0.028909882,65.0
2018-04-01,2018,4,5,43.991276,88.04,0.029066700000000008,63.92
2018-05-01,2018,5,5,59.49673,95.71,0.029223518,239.08
2018-06-01,2018,6,5,58.440464,90.29,0.029380336,211.92
2018-07-01,2018,7,5,58.785767,79.38,0.029537154000000006,131.08
2018-08-01,2018,8,5,52.4555,57.28,0.029693972000000006,145.21
2018-09-01,2018,9,5,41.28368,47.84,0.02985079,26.79
2018-10-01,2018,10,5,36.099632,47.42,0.030007608,38.0
2018-11-01,2018,11,5,44.558575,74.67,0.030164426,61.0
2018-12-01,2018,12,5,41.34082,43.7,0.030321244,30.71
2019-01-01,2019,1,5,40.84656,41.44,0.030478062,23.29
2019-02-01,2019,2,5,42.87331,39.24,0.030660393957839982,53.22
2019-03-01,2019,3,5,40.013947,47.84,0.030842725915679967,34.88
2019-04-01,2019,4,5,42.506912,83.36,0.031025057873519963,69.25
2019-05-01,2019,5,5,58.320198,88.76,0.03120738983135993,214.29
2019-06-01,2019,6,5,55.969772,93.54,0.031389721789199916,108.54
2019-07-01,2019,7,5,55.334503,77.3,0.031572053747039905,114.92
2019-08-01,2019,8,5,44.798397,48.43,0.03175438570487989,80.0
2019-09-01,2019,9,5,37.082375,40.76,0.03193671766271987,11.0
2019-10-01,2019,10,5,41.298973,49.94,0.03211904962055985,27.0
2019-11-01,2019,11,5,50.337273,44.02,0.03230138157839984,89.83
2019-12-01,2019,12,5,57.74914,58.11,0.03248371353623982,183.83
2018-01-01,2018,1,6,20.350445,17.61,0.018526456,264.6
2018-02-01,2018,2,6,22.452587,18.03,0.01861899125,107.54
2018-03-01,2018,3,6,19.266376,14.2,0.0187115265,183.25
2018-04-01,2018,4,6,17.692963,44.31,0.01880406175,209.42
2018-05-01,2018,5,6,17.692963,46.29,0.018896597,211.85
2018-06-01,2018,6,6,18.012623,46.56,0.01898913225,128.22
2018-07-01,2018,7,6,25.37598,40.76,0.0190816675,88.74
2018-08-01,2018,8,6,26.460678,36.59,0.01917420275,31.19
2018-09-01,2018,9,6,24.256107,17.63,0.019266738,45.98
2018-10-01,2018,10,6,26.487465,21.34,0.01935927325,78.35
2018-11-01,2018,11,6,21.01139,16.32,0.0194518085,405.55
2018-12-01,2018,12,6,22.206367,13.66,0.01954434375,341.09
2019-01-01,2019,1,6,25.68913,14.48,0.019636879,13.81
2019-02-01,2019,2,6,26.376627,15.03,0.01974387705377984,84.07
2019-03-01,2019,3,6,16.96164,27.17,0.019850875107559687,175.19
2019-04-01,2019,4,6,18.706528,35.47,0.01995787316133953,235.17
2019-05-01,2019,5,6,19.465435,32.77,0.020064871215119368,191.88
2019-06-01,2019,6,6,25.494577,76.32,0.020171869268899214,292.04
2019-07-01,2019,7,6,19.207363,23.51,0.020278867322679063,116.26
2019-08-01,2019,8,6,26.554346,16.81,0.020385865376458902,86.5
2019-09-01,2019,9,6,12.860381,14.82,0.02049286343023875,2.2
2019-10-01,2019,10,6,26.02811,31.26,0.0205998614840186,96.96
2019-11-01,2019,11,6,18.706528,19.93,0.020706859537798442,235.33
2019-12-01,2019,12,6,25.752533,20.04,0.02081385759157828,292.41
2018-01-01,2018,1,7,148.21153,263.875000000022,0.031011427,200.0
2018-02-01,2018,2,7,200.92664,192.73749999991446,0.0311622735,229.0
2018-03-01,2018,3,7,195.38191,185.649999999981,0.03131312,53.0
2018-04-01,2018,4,7,234.4932,362.99999999999017,0.0314639665,471.0
2018-05-01,2018,5,7,248.34897,381.000000000028,0.031614813,296.6
2018-06-01,2018,6,7,193.65135,359.1000000000385,0.0317656595,125.0
2018-07-01,2018,7,7,206.26184,297.395000000015,0.031916506000000004,88.0
2018-08-01,2018,8,7,181.93542,233.8,0.0320673525,21.0
2018-09-01,2018,9,7,154.77739,145.9000000000035,0.032218199,191.0
2018-10-01,2018,10,7,361.28497,226.28499999999,0.0323690455,516.0
2018-11-01,2018,11,7,234.89662,275.487499999996,0.032519892,389.0
2018-12-01,2018,12,7,193.19121,142.899999999989,0.0326707385,56.0
2019-01-01,2019,1,7,204.86984,103.32812499999201,0.032821585,95.5
2019-02-01,2019,2,7,200.15034,152.52500000000273,0.03299575028623592,167.0
2019-03-01,2019,3,7,234.89662,202.4,0.03316991557247182,390.2
2019-04-01,2019,4,7,250.22255,337.0050000000035,0.03334408085870773,438.0
2019-05-01,2019,5,7,274.0523,345.749999999996,0.03351824614494365,430.0
2019-06-01,2019,6,7,207.047,384.50000000001745,0.03369241143117956,45.0
2019-07-01,2019,7,7,176.12468,289.000000000043,0.03386657671741547,25.6
2019-08-01,2019,8,7,142.9519,170.400000000013,0.034040742003651384,2.0
2019-09-01,2019,9,7,212.26457,120.73124999999351,0.0342149072898873,140.0
2019-10-01,2019,10,7,203.87698,180.50000000002103,0.03438907257612321,169.0
2019-11-01,2019,11,7,278.02188,228.57499999999698,0.03456323786235912,422.0
2019-12-01,2019,12,7,202.0495,183.50000000002498,0.03473740314859503,265.0
2018-01-01,2018,1,8,46.19413,38.656250000000796,0.02215657,501.6
2018-02-01,2018,2,8,36.80422,32.871874999989245,0.0221965385,170.0
2018-03-01,2018,3,8,38.131065,29.732499999986896,0.022236507000000003,265.0
2018-04-01,2018,4,8,45.45199,61.090624999982396,0.0222764755,321.4
2018-05-01,2018,5,8,43.343857,74.4562499999344,0.022316444,298.7999999999999
2018-06-01,2018,6,8,40.59971,77.21562500000705,0.0223564125,65.5
2018-07-01,2018,7,8,35.309326,64.5375000000068,0.022396381,13.7
2018-08-01,2018,8,8,43.026737,48.42499999999289,0.0224363495,44.1
2018-09-01,2018,9,8,30.99671,36.1249999999807,0.022476318,93.0
2018-10-01,2018,10,8,40.39098,38.4718749999884,0.022516286500000003,248.3
2018-11-01,2018,11,8,45.45199,48.237499999996956,0.022556255000000004,326.4
2018-12-01,2018,12,8,40.208828,27.905000000001106,0.022596223500000002,60.1
2019-01-01,2019,1,8,40.59971,19.225000000001,0.022636192000000003,69.4
2019-02-01,2019,2,8,36.80422,25.754687499997548,0.02268073784999321,170.7
2019-03-01,2019,3,8,39.77588,33.1662500000101,0.02272528369998642,250.0
2019-04-01,2019,4,8,44.726555,49.8265624999965,0.022769829549979626,408.4
2019-05-01,2019,5,8,45.45199,67.931249999985,0.02281437539997284,322.6
2019-06-01,2019,6,8,35.34167,76.12421874999106,0.02285892124996604,16.0
2019-07-01,2019,7,8,45.439713,60.306249999951,0.02290346709995925,43.7
2019-08-01,2019,8,8,36.522537,36.9500000000006,0.022948012949952457,0.0
2019-09-01,2019,9,8,35.74014,23.733124999995546,0.022992558799945658,117.4
2019-10-01,2019,10,8,39.77588,45.9468750000049,0.02303710464993888,248.6
2019-11-01,2019,11,8,42.91526,44.0828124999991,0.02308165049993208,337.00000000000006
2019-12-01,2019,12,8,45.211597,37.3171874999464,0.02312619634992529,440.5
2018-01-01,2018,1,9,1.3414612,2.67218750000005,0.006040073000000001,14.0
2018-02-01,2018,2,9,1.2809818,2.1359375000001704,0.006054847083333335,12.0
2018-03-01,2018,3,9,2.9396937,3.0518749999999,0.006069621166666667,63.0
2018-04-01,2018,4,9,25.496092,24.3485937499828,0.006084395250000001,171.0
2018-05-01,2018,5,9,24.766724,29.9406249999996,0.0060991693333333355,188.0
2018-06-01,2018,6,9,36.68826,51.686718749985104,0.006113943416666668,227.0
2018-07-01,2018,7,9,26.538387,42.3649999999993,0.0061287175,208.0
2018-08-01,2018,8,9,26.087908,29.8715625000004,0.006143491583333334,203.0
2018-09-01,2018,9,9,14.432839,15.01593749999795,0.006158265666666667,126.0
2018-10-01,2018,10,9,10.25396,17.256875000002502,0.0061730397499999996,105.0
2018-11-01,2018,11,9,1.579209,9.25000000000052,0.006187813833333333,25.0
2018-12-01,2018,12,9,1.2561026,1.41500000000025,0.006202587916666667,0.0
2019-01-01,2019,1,9,1.8075135,0.616250000000195,0.006217362,30.0
2019-02-01,2019,2,9,1.3799567,1.4292500000000603,0.0062339522554130476,7.0
2019-03-01,2019,3,9,1.3553722,2.56175000000038,0.006250542510826095,19.0
2019-04-01,2019,4,9,2.8906655,3.520156250000425,0.006267132766239143,58.0
2019-05-01,2019,5,9,23.33286,16.534062499997898,0.00628372302165219,159.0
2019-06-01,2019,6,9,36.808895,30.32031250000195,0.006300313277065239,251.0
2019-07-01,2019,7,9,29.909716,32.8170312499966,0.006316903532478287,181.8
2019-08-01,2019,8,9,24.869623,27.676406249995605,0.006333493787891336,198.0
2019-09-01,2019,9,9,7.3095713,16.228874999998702,0.006350084043304382,77.0
2019-10-01,2019,10,9,2.8906655,11.4867500000001,0.0063666742987174285,58.0
2019-11-01,2019,11,9,3.048498,9.308874999999237,0.006383264554130478,32.0
2019-12-01,2019,12,9,1.3068265,2.72487500000027,0.006399854809543526,9.0
2018-01-01,2018,1,10,10.70319,15.5175,0.060708035,173.90134961299995
2018-02-01,2018,2,10,17.200941,22.3782291666667,0.06105011116666668,427.43493377199997
2018-03-01,2018,3,10,16.993042,16.103229166666697,0.06139218733333333,294.390532982
2018-04-01,2018,4,10,16.888992,32.1057291666667,0.0617342635,316.56620049400004
2018-05-01,2018,5,10,10.521949,21.0175,0.062076339666666674,230.22511496799999
2018-06-01,2018,6,10,6.0580106,10.063750000000018,0.06241841583333334,106.486435238
2018-07-01,2018,7,10,5.3297296,7.9375,0.062760492,79.633995126
2018-08-01,2018,8,10,4.3783436,5.403125,0.06310256816666668,59.59970657
2018-09-01,2018,9,10,5.329869,4.98864583333333,0.06344464433333334,78.190630792
2018-10-01,2018,10,10,18.773165,22.646458333333307,0.0637867205,556.09026873
2018-11-01,2018,11,10,13.620104,19.823645833333348,0.06412879666666667,327.75089487899993
2018-12-01,2018,12,10,5.9445133,10.196875,0.06447087283333335,91.975520797
2019-01-01,2019,1,10,8.318531,6.09145833333333,0.06481294900000001,147.41525671
2019-02-01,2019,2,10,10.522117,9.147083333333333,0.06521135602190617,179.27000480799995
2019-03-01,2019,3,10,10.443203,13.340729166666698,0.06560976304381237,180.797740919
2019-04-01,2019,4,10,16.540543,27.36463541666665,0.06600817006571855,402.718366903
2019-05-01,2019,5,10,10.986052,14.539270833333301,0.06640657708762472,193.167129689
2019-06-01,2019,6,10,6.0580106,11.96848958333335,0.0668049841095309,106.311452396
2019-07-01,2019,7,10,4.2807198,6.2975,0.06720339113143707,45.239833723000004
2019-08-01,2019,8,10,4.39021,4.0875,0.06760179815334326,2.1045867940000003
2019-09-01,2019,9,10,5.7356453,3.603125,0.06800020517524942,94.080107591
2019-10-01,2019,10,10,9.629381,8.42895833333334,0.06839861219715561,240.208929063
2019-11-01,2019,11,10,17.097921,28.44510416666665,0.0687970192190618,462.332303178
2019-12-01,2019,12,10,10.624742,13.461979166666698,0.06919542624096797,258.298308052
2018-01-01,2018,1,11,12.254945,15.745651441666698,0.02361492,75.2
2018-02-01,2018,2,11,24.926476,11.295583333333347,0.02366179833333333,131.20000000000002
2018-03-01,2018,3,11,13.187512,8.86416666666666,0.023708676666666668,49.90000000000001
2018-04-01,2018,4,11,11.689792,36.85040104166665,0.023755555,191.3
2018-05-01,2018,5,11,11.689792,42.41163541666671,0.02380243333333333,200.6
2018-06-01,2018,6,11,7.1549926,24.16027083333335,0.023849311666666668,32.89999999999999
2018-07-01,2018,7,11,13.410508,18.41428125000261,0.02389619,72.3
2018-08-01,2018,8,11,8.644769,14.801562499999195,0.02394306833333333,31.4
2018-09-01,2018,9,11,14.853246,9.678864840964804,0.023989946666666668,82.8
2018-10-01,2018,10,11,16.311094,17.822239583333303,0.024036825,112.0
2018-11-01,2018,11,11,12.867731,19.331171875,0.02408370333333333,77.8
2018-12-01,2018,12,11,3.2430851,6.973375,0.024130581666666668,9.7
2019-01-01,2019,1,11,12.891078,6.15364007049096,0.02417746,29.6
2019-02-01,2019,2,11,13.6455,7.352183735624241,0.02422981822541004,52.9
2019-03-01,2019,3,11,16.145426,9.67804166666667,0.024282176450820075,93.79999999999998
2019-04-01,2019,4,11,25.723925,18.7596035678481,0.024334534676230115,143.99999999999997
2019-05-01,2019,5,11,24.857157,26.544375,0.02438689290164015,162.5
2019-06-01,2019,6,11,13.252195,31.59159375,0.024439251127050192,46.50000000000001
2019-07-01,2019,7,11,13.59416,20.0299921874953,0.024491609352460225,39.00000000000001
2019-08-01,2019,8,11,7.662234,7.61000000000085,0.024543967577870262,23.6
2019-09-01,2019,9,11,14.490163,10.50210416666617,0.0245963258032803,81.30000000000003
2019-10-01,2019,10,11,25.723925,14.482229166666698,0.024648684028690342,143.60000000000005
2019-11-01,2019,11,11,24.106766,20.281229166666648,0.024701042254100376,178.5
2019-12-01,2019,12,11,9.390748,9.85695833333333,0.02475340047951041,21.3
2018-01-01,2018,1,12,12.477785,12.06,0.030222451,83.56
2018-02-01,2018,2,12,11.728875,10.29,0.030292747916666668,55.43
2018-03-01,2018,3,12,12.641023,11.96,0.03036304483333333,75.99
2018-04-01,2018,4,12,11.353012,20.08,0.03043334175,128.05
2018-05-01,2018,5,12,15.938348,33.62,0.030503638666666662,237.14
2018-06-01,2018,6,12,15.774778,33.0,0.03057393558333333,221.09
2018-07-01,2018,7,12,15.290004,30.83,0.0306442325,320.91
2018-08-01,2018,8,12,16.00525,27.03,0.030714529416666667,293.72
2018-09-01,2018,9,12,10.618693,19.33,0.03078482633333333,136.86
2018-10-01,2018,10,12,11.399203,20.27,0.03085512325,155.3
2018-11-01,2018,11,12,12.512628,20.56,0.03092542016666666,73.3
2018-12-01,2018,12,12,11.399203,15.72,0.030995717083333325,147.88
2019-01-01,2019,1,12,12.789555,10.99,0.031066014,95.82
2019-02-01,2019,2,12,10.0393095,13.1,0.031144842032865917,47.57
2019-03-01,2019,3,12,11.728875,40.06,0.03122367006573183,55.53
2019-04-01,2019,4,12,10.504049,54.8,0.031302498098597746,140.7
2019-05-01,2019,5,12,12.926567,50.15,0.03138132613146367,65.2
2019-06-01,2019,6,12,11.525271,41.99,0.03146015416432958,123.42
2019-07-01,2019,7,12,9.915213,14.06,0.031538982197195496,44.11
2019-08-01,2019,8,12,11.093674,2.05,0.03161781023006142,48.28
2019-09-01,2019,9,12,8.88246,2.06,0.03169663826292733,9.0
2019-10-01,2019,10,12,15.595361,6.83,0.03177546629579325,201.52
2019-11-01,2019,11,12,15.595361,6.23,0.03185429432865917,204.28
2019-12-01,2019,12,12,12.926567,5.32,0.03193312236152508,60.4
2018-01-01,2018,1,13,520.57196,326.654062500085,0.048788886,415.10237048910005
2018-02-01,2018,2,13,377.048,294.066468750003,0.049148604000000005,194.7351550964
2018-03-01,2018,3,13,468.7968,271.699500000121,0.049508322,291.37162633919996
2018-04-01,2018,4,13,493.64664,327.97451562496053,0.04986804,359.04598217550006
2018-05-01,2018,5,13,553.12665,481.05543750004006,0.050227758,672.1006537684
2018-06-01,2018,6,13,263.26978,185.8798125000345,0.050587476,50.9411118692
2018-07-01,2018,7,13,327.87018,101.754687500002,0.050947194,119.31393363629999
2018-08-01,2018,8,13,377.048,109.939687499877,0.051306912,194.92309417060002
2018-09-01,2018,9,13,482.26328,184.0222031248676,0.05166663,327.6271547187
2018-10-01,2018,10,13,553.12665,427.427999999964,0.052026348,683.1595183850002
2018-11-01,2018,11,13,583.1631,418.430562500028,0.052386065999999995,477.1615353282
2018-12-01,2018,12,13,412.10666,291.845750000019,0.052745784,214.1481700131
2019-01-01,2019,1,13,374.38632,234.238874999687,0.053105502,205.169306026
2019-02-01,2019,2,13,489.46442,350.8729062498085,0.053532641119014686,319.03735469109995
2019-03-01,2019,3,13,554.885,333.977187499994,0.05395978023802939,537.4903095633
2019-04-01,2019,4,13,553.8575,314.8799843748765,0.05438691935704409,519.5770767238
2019-05-01,2019,5,13,489.46442,275.188312500092,0.05481405847605878,320.44530489290014
2019-06-01,2019,6,13,327.77408,189.6278281249385,0.05524119759507348,141.1880480356
2019-07-01,2019,7,13,301.96838,123.306312499925,0.05566833671408817,166.74085867510001
2019-08-01,2019,8,13,267.4992,84.0512500000007,0.05609547583310286,85.5442419406
2019-09-01,2019,9,13,526.469,116.70503125001301,0.056522614952117564,391.85235127970003
2019-10-01,2019,10,13,526.469,230.72849999981887,0.056949754071132265,389.9579341399
2019-11-01,2019,11,13,485.85245,336.2791562500405,0.05737689319014695,380.3970643372
2019-12-01,2019,12,13,526.469,315.150124999821,0.05780403230916165,389.54317898830004
2018-01-01,2018,1,14,72.44664,55.0857916666667,0.016211695,97.87477252459999
2018-02-01,2018,2,14,55.686817,33.446,0.016264022833333336,24.920598841599997
2018-03-01,2018,3,14,96.93132,55.30046875,0.01631635066666667,194.33450536330002
2018-04-01,2018,4,14,98.40098,126.05970833333299,0.0163686785,222.373902833
2018-05-01,2018,5,14,114.07075,162.208854166667,0.016421006333333342,341.0233694359
2018-06-01,2018,6,14,87.03999,83.0991875,0.016473334166666666,191.92116505849998
2018-07-01,2018,7,14,74.73729,62.9812916666667,0.016525662,247.1886955092
2018-08-01,2018,8,14,83.5176,49.576,0.016577989833333334,154.90842821419997
2018-09-01,2018,9,14,78.59397,53.793322916666696,0.016630317666666658,159.40175587710002
2018-10-01,2018,10,14,105.48224,146.80275,0.0166826455,308.7572558327
2018-11-01,2018,11,14,78.79517,142.462645833333,0.01673497333333333,113.7659506945
2018-12-01,2018,12,14,56.501755,49.18615625,0.016787301166666664,15.2337395166
2019-01-01,2019,1,14,54.970165,33.684125,0.016839629,58.543457265100024
2019-02-01,2019,2,14,58.735413,56.123671875,0.01689892500147237,70.68476031600001
2019-03-01,2019,3,14,75.0948,113.57658333333299,0.01695822100294474,107.28144709700001
2019-04-01,2019,4,14,88.66449,142.731041666667,0.017017517004417112,190.5409445851
2019-05-01,2019,5,14,107.80356,113.8068125,0.017076813005889483,299.4804405975001
2019-06-01,2019,6,14,78.24099,72.96145312499998,0.017136109007361854,145.26856982369998
2019-07-01,2019,7,14,78.59397,48.3285,0.017195405008834222,163.05923850400004
2019-08-01,2019,8,14,96.75058,41.3915,0.01725470101030659,199.820099721
2019-09-01,2019,9,14,98.40098,43.29958333333335,0.01731399701177896,222.1035463398
2019-10-01,2019,10,14,78.73276,73.63959375001279,0.01737329301325134,217.5758308588
2019-11-01,2019,11,14,69.287674,89.00003124992725,0.01743258901472371,83.05943189599998
2019-12-01,2019,12,14,56.83761,57.248125000003995,0.017491885016196078,61.3438767505
2018-01-01,2018,1,15,54.48212,56.129374999926995,0.191168053,119.4629807
2018-02-01,2018,2,15,22.94189,22.35914062499645,0.19175407666666666,22.90163466
2018-03-01,2018,3,15,55.18771,35.492343749994,0.19234010033333326,145.39937503
2018-04-01,2018,4,15,62.795177,129.155562499989,0.192926124,291.90615392
2018-05-01,2018,5,15,101.19334,141.107062499977,0.19351214766666666,350.92144213999984
2018-06-01,2018,6,15,84.31247,94.82962500001102,0.19409817133333326,157.28745191
2018-07-01,2018,7,15,51.893917,67.18796875001,0.194684195,144.49774036999997
2018-08-01,2018,8,15,49.084637,57.22062499995,0.19527021866666666,142.85783647
2018-09-01,2018,9,15,61.302135,84.85031249991725,0.19585624233333326,266.18317290000005
2018-10-01,2018,10,15,116.03639,179.808083333245,0.196442266,448.67187475
2018-11-01,2018,11,15,98.27653,116.656890625036,0.19702828966666666,330.69307664
2018-12-01,2018,12,15,25.199156,26.875468749996,0.19761431333333326,31.41605766
2019-01-01,2019,1,15,28.419405,27.8218749999971,0.198200337,51.85471162
2019-02-01,2019,2,15,53.931694,29.50664062498025,0.19886315270149532,116.12096164
2019-03-01,2019,3,15,58.88034,35.083750000009395,0.19952596840299075,172.18004804999995
2019-04-01,2019,4,15,58.88034,78.84562500002994,0.20018878410448607,170.25721149999995
2019-05-01,2019,5,15,100.77091,119.958124999841,0.20085159980598152,344.23461519999995
2019-06-01,2019,6,15,52.284534,96.5617968750082,0.2015144155074769,238.76259598
2019-07-01,2019,7,15,63.719124,44.38428124999449,0.20217723120897227,129.90475951
2019-08-01,2019,8,15,44.506393,35.2696874999987,0.20284004691046764,138.95759622
2019-09-01,2019,9,15,67.30575,33.150828124999755,0.20350286261196301,287.45394218
2019-10-01,2019,10,15,100.875626,108.610500000033,0.2041656783134584,346.86548057999994
2019-11-01,2019,11,15,65.297714,90.96221874997791,0.2048284940149538,317.29509602
2019-12-01,2019,12,15,58.88034,36.064375000002606,0.2054913097164492,168.69447104999998
2018-01-01,2018,1,16,537.3872,356.974249999872,0.09320125800000001,105.38779113249998
2018-02-01,2018,2,16,302.2071,374.0547343749985,0.09352663291666667,18.488814084
2018-03-01,2018,3,16,532.68524,390.298593750009,0.09385200783333332,132.3352069895
2018-04-01,2018,4,16,363.2206,633.882484374974,0.09417738275000001,255.51982419450002
2018-05-01,2018,5,16,632.3788,770.17260416652,0.09450275766666667,306.154722288
2018-06-01,2018,6,16,572.92413,517.947437500011,0.09482813258333334,133.38344656299998
2018-07-01,2018,7,16,485.0379,380.22203125000505,0.0951535075,124.521546235
2018-08-01,2018,8,16,526.4273,356.954062499887,0.09547888241666666,143.0893766685
2018-09-01,2018,9,16,455.32318,638.074062500019,0.09580425733333332,241.026689382
2018-10-01,2018,10,16,418.7341,733.71276041675,0.09612963225,397.23583007199994
2018-11-01,2018,11,16,395.86804,574.154218750012,0.09645500716666666,277.6078766645
2018-12-01,2018,12,16,371.81857,339.564531249972,0.09678038208333332,26.208232392
2019-01-01,2019,1,16,469.89252,281.956406249926,0.09710575699999999,49.385151333
2019-02-01,2019,2,16,504.80692,327.6799999998865,0.09747558163272284,92.062718545
2019-03-01,2019,3,16,480.90976,382.126406249954,0.0978454062654457,152.9624540335
2019-04-01,2019,4,16,475.7728,436.92774999999847,0.09821523089816857,154.9819695475
2019-05-01,2019,5,16,632.3788,478.46718750006795,0.09858505553089142,305.570310399
2019-06-01,2019,6,16,429.41824,479.93218750003604,0.09895488016361427,198.3419004375
2019-07-01,2019,7,16,581.82043,274.303624999999,0.09932470479633712,108.9347439905
2019-08-01,2019,8,16,537.80145,309.936250000013,0.09969452942906,129.3968561955
2019-09-01,2019,9,16,390.9424,323.95359374999697,0.10006435406178284,247.7767164875
2019-10-01,2019,10,16,525.3473,339.309968750223,0.1004341786945057,286.312872766
2019-11-01,2019,11,16,342.08728,284.1521093750255,0.10080400332722857,266.258492414
2019-12-01,2019,12,16,526.4273,295.544687500065,0.10117382795995143,143.29197203200002
2018-01-01,2018,1,17,7.208656,9.33693749999985,0.035486914,126.45344785200001
2018-02-01,2018,2,17,7.6022515,9.910593749997926,0.03589225825,80.53091689899999
2018-03-01,2018,3,17,7.155373,9.79787499999954,0.0362976025,92.041222532
2018-04-01,2018,4,17,11.256606,14.993953124997752,0.03670294675,185.88130842099997
2018-05-01,2018,5,17,11.446792,16.7429999999984,0.037108291,250.49964640099998
2018-06-01,2018,6,17,9.900581,19.65749999998895,0.03751363525,199.737029559
2018-07-01,2018,7,17,8.696457,16.746343750001902,0.037918979500000005,151.407249303
2018-08-01,2018,8,17,7.6958585,15.8570000000032,0.03832432375,141.432836586
2018-09-01,2018,9,17,7.788513,10.3124218750004,0.038729668,63.41222532000001
2018-10-01,2018,10,17,7.1052094,10.125312499999099,0.039135012250000004,95.324804239
2018-11-01,2018,11,17,6.7593474,10.57429687500085,0.0395403565,99.59275069700001
2018-12-01,2018,12,17,6.814901,7.857343750000322,0.03994570075,46.798863356999995
2019-01-01,2019,1,17,6.829165,7.725687500000781,0.040351045,113.670219744
2019-02-01,2019,2,17,7.1430535,7.7884218750003456,0.040853849470061834,85.97441271699999
2019-03-01,2019,3,17,7.0223384,8.69534375000092,0.04135665394012365,97.958777468
2019-04-01,2019,4,17,8.675955,11.761531249999953,0.04185945841018548,151.90191968699997
2019-05-01,2019,5,17,12.029361,17.0443749999668,0.0423622628802473,274.262970441
2019-06-01,2019,6,17,12.3421,19.93223437500125,0.04286506735030912,218.51528165
2019-07-01,2019,7,17,11.340409,17.6636874999885,0.04336787182037095,198.18550139400003
2019-08-01,2019,8,17,6.6252728,13.116562500001097,0.043870676290432765,107.42786056899999
2019-09-01,2019,9,17,8.150207,11.039812499998698,0.0443734807604946,67.32978025599999
2019-10-01,2019,10,17,7.7316136,10.4577812499984,0.044876285230556416,131.54086893299998
2019-11-01,2019,11,17,8.872632,11.948093750001151,0.04537908970061825,148.69083101
2019-12-01,2019,12,17,7.72469,10.6724999999995,0.04588189417068008,132.191184609
2018-01-01,2018,1,18,46.520123,46.65937500000171,0.16345642400000002,49.0
2018-02-01,2018,2,18,38.64742,39.6000000000006,0.16436657925,0.0
2018-03-01,2018,3,18,51.053196,41.4250000000025,0.16527673450000002,158.0
2018-04-01,2018,4,18,61.75357,59.72031249999135,0.16618688974999998,319.0
2018-05-01,2018,5,18,54.474773,63.5656249999962,0.167097045,393.0
2018-06-01,2018,6,18,50.64211,50.96562500000024,0.16800720025000002,171.0
2018-07-01,2018,7,18,54.494007,53.8343749999987,0.1689173555,229.0
2018-08-01,2018,8,18,57.323456,55.3562499998839,0.16982751075,250.0
2018-09-01,2018,9,18,54.877537,93.5496875000214,0.170737666,339.0
2018-10-01,2018,10,18,54.58352,84.05542544006241,0.17164782125,244.0
2018-11-01,2018,11,18,57.517963,75.67176728219691,0.1725579765,279.0
2018-12-01,2018,12,18,44.356754,53.274682486631,0.17346813175,31.0
2019-01-01,2019,1,18,46.524845,40.8941622103387,0.174378287,55.0
2019-02-01,2019,2,18,44.381115,36.248328877005356,0.17543752719613415,18.0
2019-03-01,2019,3,18,42.685654,35.8805425579322,0.17649676739226836,94.0
2019-04-01,2019,4,18,58.57275,54.04505208333335,0.17755600758840254,282.0
2019-05-01,2019,5,18,54.241608,74.53541666666659,0.17861524778453675,520.0
2019-06-01,2019,6,18,49.692593,65.52421875,0.17967448798067093,224.0
2019-07-01,2019,7,18,57.57652,51.2234375,0.1807337281768051,233.0
2019-08-01,2019,8,18,51.8132,39.8833333333333,0.1817929683729393,128.0
2019-09-01,2019,9,18,56.720436,61.5393229166667,0.18285220856907347,380.0
2019-10-01,2019,10,18,63.53199,72.83229166666659,0.18391144876520768,333.0
2019-11-01,2019,11,18,55.966408,59.66512784090909,0.18497068896134186,146.0
2019-12-01,2019,12,18,44.449764,49.971875,0.18602992915747604,25.0
2018-01-01,2018,1,19,5.2682505,6.5316291666666695,0.018984501,116.8790797148
2018-02-01,2018,2,19,3.8188035,2.711222916666665,0.01902115941666667,83.0854203248
2018-03-01,2018,3,19,11.841467,2.94719166666667,0.01905781783333333,178.473115884
2018-04-01,2018,4,19,7.5538836,30.2407951388889,0.01909447625,268.07484050880004
2018-05-01,2018,5,19,7.3716693,28.5857694444444,0.019131134666666667,249.59690205099997
2018-06-01,2018,6,19,4.0592895,8.340320833333335,0.01916779308333334,81.02494926279999
2018-07-01,2018,7,19,4.462348,5.91021666666667,0.0192044515,72.4452970996
2018-08-01,2018,8,19,4.7539496,3.2917229166666697,0.019241109916666662,36.108442014
2018-09-01,2018,9,19,4.007839,3.099686458333335,0.01927776833333333,100.9596811056
2018-10-01,2018,10,19,6.923213,17.1447958333333,0.019314426750000002,214.6717534792
2018-11-01,2018,11,19,7.0490336,17.460285069444453,0.019351085166666667,141.4564056864
2018-12-01,2018,12,19,4.7653913,4.72971041666667,0.019387743583333332,31.262949245200005
2019-01-01,2019,1,19,5.6861176,1.6477812500000302,0.019424402,43.0431738568
2019-02-01,2019,2,19,5.162045,1.85913281250002,0.0194653196549008,138.9673622816
2019-03-01,2019,3,19,8.820377,11.420375000005901,0.01950623730980161,304.4740796708
2019-04-01,2019,4,19,11.841467,18.121656250003852,0.019547154964702416,179.543152018
2019-05-01,2019,5,19,11.8409605,9.62137500000022,0.019588072619603214,181.593079662
2019-06-01,2019,6,19,4.8306317,7.116062500000496,0.019628990274504026,30.4274420052
2019-07-01,2019,7,19,4.6870494,4.04753749999991,0.01966990792940484,46.6948042868
2019-08-01,2019,8,19,2.6430635,1.92958333333343,0.01971082558430564,67.0422246292
2019-09-01,2019,9,19,2.6430635,3.0855,0.019751743239206445,66.8151666828
2019-10-01,2019,10,19,12.0188465,4.17509375000147,0.01979266089410725,189.4272390564
2019-11-01,2019,11,19,10.69913,7.1509625000004124,0.01983357854900805,171.6400941068
2019-12-01,2019,12,19,5.23345,3.70125000000062,0.01987449620390886,62.701137617200004
2018-01-01,2018,1,20,125.57772,89.18687499999879,0.06404019700000001,137.4127461574
2018-02-01,2018,2,20,88.85999,48.634375000004816,0.06421768550000001,16.6558407936
2018-03-01,2018,3,20,176.1966,94.7000000000067,0.064395174,187.4875770226
2018-04-01,2018,4,20,173.36948,122.0798437499995,0.0645726625,180.9181054828
2018-05-01,2018,5,20,203.4202,241.17187500001702,0.06475015099999999,274.7501579439999
2018-06-01,2018,6,20,121.36394,76.63500000000616,0.06492763950000001,109.35055135430001
2018-07-01,2018,7,20,113.67343,42.9125000000018,0.06510512800000001,85.6526721239
2018-08-01,2018,8,20,125.57772,42.637500000001104,0.0652826165,138.3617187552
2018-09-01,2018,9,20,193.06194,102.0312500000025,0.065460105,285.637761999
2018-10-01,2018,10,20,210.55365,262.357500000004,0.06563759350000001,356.38123976199995
2018-11-01,2018,11,20,164.18802,178.94078125004398,0.065815082,222.9693433455
2018-12-01,2018,12,20,88.85999,58.2,0.0659925705,17.767117119399995
2019-01-01,2019,1,20,123.01086,50.4,0.066170059,115.1473784992
2019-02-01,2019,2,20,84.492966,51.77023437499243,0.06637012239881959,42.6058752876
2019-03-01,2019,3,20,170.33626,50.0,0.06657018579763918,198.0454011388
2019-04-01,2019,4,20,213.59534,69.47520312500191,0.06677024919645877,297.38698229849996
2019-05-01,2019,5,20,192.02884,71.5805312500156,0.06697031259527837,290.53903721630013
2019-06-01,2019,6,20,95.606766,68.353406250001,0.06717037599409796,63.822009344100024
2019-07-01,2019,7,20,111.987434,51.5162500000012,0.06737043939291755,78.66762043930001
2019-08-01,2019,8,20,138.0206,49.693749999996214,0.06757050279173714,161.08193687230002
2019-09-01,2019,9,20,186.34282,48.361093749999846,0.06777056619055673,266.4673381302
2019-10-01,2019,10,20,213.16087,78.1835000000149,0.06797062958937633,306.9564591066
2019-11-01,2019,11,20,208.70003,76.41698437500399,0.06817069298819592,253.4599984184
2019-12-01,2019,12,20,168.01239,62.7920624999822,0.06837075638701551,250.2935153047
2018-01-01,2018,1,21,10.96574,7.0,0.039302541,119.0
2018-02-01,2018,2,21,8.101155,7.68,0.039575272333333335,61.87
2018-03-01,2018,3,21,10.22985,8.34,0.03984800366666666,202.67
2018-04-01,2018,4,21,8.624581,9.93,0.040120735000000005,91.25
2018-05-01,2018,5,21,9.271365,9.3,0.040393466333333336,96.21
2018-06-01,2018,6,21,8.247741,12.28,0.04066619766666667,70.0
2018-07-01,2018,7,21,6.246217,10.92,0.040938929,36.0
2018-08-01,2018,8,21,6.440819,7.64,0.04121166033333334,24.0
2018-09-01,2018,9,21,6.401518,4.85,0.04148439166666667,35.0
2018-10-01,2018,10,21,8.253487,7.09,0.041757123,71.0
2018-11-01,2018,11,21,10.290659,10.84,0.04202985433333334,209.17
2018-12-01,2018,12,21,10.087944,12.0,0.04230258566666667,78.83
2019-01-01,2019,1,21,7.006936,7.3,0.042575317,0.0
2019-02-01,2019,2,21,8.247741,8.09,0.04289761740955643,70.0
2019-03-01,2019,3,21,9.42313,8.79,0.043219917819112864,105.92
2019-04-01,2019,4,21,10.4480095,9.98,0.043542218228669285,124.17
2019-05-01,2019,5,21,11.341634,9.31,0.04386451863822572,145.92
2019-06-01,2019,6,21,7.006936,11.66,0.04418681904778215,0.0
2019-07-01,2019,7,21,7.006936,11.36,0.044509119457338576,0.0
2019-08-01,2019,8,21,7.006936,7.5,0.044831419866895005,0.0
2019-09-01,2019,9,21,7.006936,4.93,0.04515372027645143,0.0
2019-10-01,2019,10,21,7.248113,6.41,0.04547602068600787,69.0
2019-11-01,2019,11,21,9.967611,10.6,0.045798321095564296,41.79
2019-12-01,2019,12,21,10.357889,11.7,0.04612062150512072,115.21
2018-01-01,2018,1,22,161.34012,33.819343750004805,0.023241324,112.8
2018-02-01,2018,2,22,54.24779,23.830175000000402,0.023316924416666662,0.0
2018-03-01,2018,3,22,161.34012,22.68462812500081,0.02339252483333333,114.0
2018-04-01,2018,4,22,387.23233,148.5369223958335,0.02346812525,295.0
2018-05-01,2018,5,22,460.03336,295.1613875,0.023543725666666668,341.8
2018-06-01,2018,6,22,512.39764,532.2626375,0.023619326083333333,519.5
2018-07-01,2018,7,22,487.32135,486.324429166667,0.023694926499999998,368.8
2018-08-01,2018,8,22,470.66797,430.711,0.023770526916666663,359.0
2018-09-01,2018,9,22,148.96597,206.8885156250475,0.02384612733333333,148.0
2018-10-01,2018,10,22,267.75378,226.71809062504502,0.02392172775,283.0
2018-11-01,2018,11,22,108.3643,140.1236,0.023997328166666658,90.5
2018-12-01,2018,12,22,56.064384,73.40684062501721,0.02407292858333333,9.0
2019-01-01,2019,1,22,54.24779,45.351000000000006,0.024148529,0.0
2019-02-01,2019,2,22,54.24779,24.013462500001502,0.02423422145120711,0.0
2019-03-01,2019,3,22,197.96793,27.8625,0.02431991390241422,156.60000000000005
2019-04-01,2019,4,22,471.38733,29.6953750000021,0.02440560635362133,323.6
2019-05-01,2019,5,22,495.19034,275.136890624469,0.02449129880482844,318.5
2019-06-01,2019,6,22,350.75717,394.07756250008146,0.02457699125603555,240.8
2019-07-01,2019,7,22,274.75992,351.850662500049,0.024662683707242655,188.6
2019-08-01,2019,8,22,518.1801,430.711,0.02474837615844977,269.70000000000005
2019-09-01,2019,9,22,370.51807,213.08637499997548,0.02483406860965688,232.0
2019-10-01,2019,10,22,370.51807,273.08299999999997,0.02491976106086399,232.7
2019-11-01,2019,11,22,280.52798,257.600000000018,0.025005453512071098,172.0
2019-12-01,2019,12,22,204.70587,55.508,0.02509114596327821,135.5
2018-01-01,2018,1,23,61.42459,66.69,0.042937062000000005,85.46
2018-02-01,2018,2,23,71.013824,20.93,0.04316719916666667,115.54
2018-03-01,2018,3,23,30.684967,47.96,0.043397336333333335,0.0
2018-04-01,2018,4,23,118.14916,213.45,0.0436274735,179.79
2018-05-01,2018,5,23,148.0745,351.26,0.04385761066666667,386.21
2018-06-01,2018,6,23,174.36852,369.97,0.044087747833333336,353.0
2018-07-01,2018,7,23,181.95357,340.47,0.044317885,423.33
2018-08-01,2018,8,23,147.3408,325.66,0.04454802216666666,307.79
2018-09-01,2018,9,23,146.84785,180.48,0.04477815933333333,335.88
2018-10-01,2018,10,23,171.29942,163.84,0.0450082965,409.0
2018-11-01,2018,11,23,85.54519,138.92,0.04523843366666667,111.0
2018-12-01,2018,12,23,38.852333,48.98,0.04546857083333333,12.0
2019-01-01,2019,1,23,37.218147,15.13,0.045698708,19.0
2019-02-01,2019,2,23,38.94009,14.31,0.04596591443970675,7.0
2019-03-01,2019,3,23,37.218147,21.12,0.046233120879413496,19.0
2019-04-01,2019,4,23,100.94683,122.77,0.04650032731912025,162.0
2019-05-01,2019,5,23,181.95357,251.96,0.046767533758826994,421.0
2019-06-01,2019,6,23,143.93953,298.09,0.047034740198533743,361.62
2019-07-01,2019,7,23,126.977615,259.34,0.0473019466382405,288.38
2019-08-01,2019,8,23,174.36852,185.05,0.04756915307794725,352.42
2019-09-01,2019,9,23,105.64901,109.27,0.047836359517654005,245.58
2019-10-01,2019,10,23,128.98767,127.42,0.04810356595736075,203.0
2019-11-01,2019,11,23,129.65471,159.01,0.048370772397067496,196.0
2019-12-01,2019,12,23,85.54519,85.78,0.04863797883677425,109.0
2018-01-01,2018,1,24,15.7281475,18.221387499993803,0.14872518,87.6156084012
2018-02-01,2018,2,24,10.544327,13.4162031250005,0.149878785,58.992578254799994
2018-03-01,2018,3,24,18.826103,12.836600000000999,0.15103239000000002,228.34554549600003
2018-04-01,2018,4,24,17.973555,30.08940625000195,0.15218599500000002,213.5653935616
2018-05-01,2018,5,24,19.739395,23.008487500002108,0.15333960000000002,120.84702342879999
2018-06-01,2018,6,24,12.690059,15.155012500000998,0.15449320500000002,82.14890714200001
2018-07-01,2018,7,24,11.602534,10.6455000000007,0.15564681000000002,64.00963136000001
2018-08-01,2018,8,24,11.652673,8.89050000000007,0.156800415,69.4562769984
2018-09-01,2018,9,24,19.139635,10.7706437500005,0.15795402,180.7762807304
2018-10-01,2018,10,24,39.74799,73.7204937499734,0.159107625,542.2117558572002
2018-11-01,2018,11,24,15.775733,30.20854687500145,0.16026123,198.6121336476
2018-12-01,2018,12,24,11.100235,17.426,0.161414835,14.238166309600002
2019-01-01,2019,1,24,11.557155,13.5908750000001,0.16256844,37.2364289328
2019-02-01,2019,2,24,11.100235,10.881937500000351,0.16394405665611847,14.709012785599999
2019-03-01,2019,3,24,14.1780615,10.607999999999999,0.16531967331223696,98.42611777959999
2019-04-01,2019,4,24,21.845505,14.488156249997498,0.16669528996835542,310.00722352
2019-05-01,2019,5,24,23.069836,18.772814935065,0.1680709066244739,262.59949977200006
2019-06-01,2019,6,24,15.7281475,16.213361317254297,0.16944652328059234,87.0251453136
2019-07-01,2019,7,24,11.782314,13.6539076994435,0.17082213993671086,50.2281384992
2019-08-01,2019,8,24,11.115336,10.0273291666667,0.17219775659282932,18.2191776024
2019-09-01,2019,9,24,23.069836,9.428258333333329,0.1735733732489478,262.28597330919996
2019-10-01,2019,10,24,18.934803,21.1035864583333,0.17494898990506627,292.92846440080007
2019-11-01,2019,11,24,23.302351,22.16518020833335,0.17632460656118476,266.9323356048
2019-12-01,2019,12,24,15.7281475,14.991,0.17770022321730322,87.3141211384
2018-01-01,2018,1,25,7.277316,7.5,0.055072368,19.0
2018-02-01,2018,2,25,5.426854,5.18,0.0554101055,0.0
2018-03-01,2018,3,25,6.8390517,5.56,0.055747843,13.0
2018-04-01,2018,4,25,8.558435,12.68,0.056085580499999996,74.5
2018-05-01,2018,5,25,10.223806,20.9,0.056423318,269.5
2018-06-01,2018,6,25,10.00322,8.96,0.0567610555,85.0
2018-07-01,2018,7,25,7.2449884,6.71,0.057098792999999995,28.0
2018-08-01,2018,8,25,5.426854,5.52,0.0574365305,0.0
2018-09-01,2018,9,25,5.7146664,8.93,0.057774268,5.0
2018-10-01,2018,10,25,11.429397,15.58,0.0581120055,182.92
2018-11-01,2018,11,25,8.870354,11.55,0.058449743,647.58
2018-12-01,2018,12,25,8.071639,7.4,0.0587874805,32.5
2019-01-01,2019,1,25,5.426854,5.94,0.059125218,0.0
2019-02-01,2019,2,25,5.426854,4.1,0.05952077297359616,0.0
2019-03-01,2019,3,25,5.426854,5.96,0.05991632794719232,0.0
2019-04-01,2019,4,25,7.2869105,12.74,0.06031188292078848,23.0
2019-05-01,2019,5,25,9.122536,13.07,0.06070743789438465,76.0
2019-06-01,2019,6,25,8.610293,12.13,0.06110299286798083,352.0
2019-07-01,2019,7,25,5.4735794,6.1,0.061498547841576975,3.0
2019-08-01,2019,8,25,5.4288354,4.92,0.06189410281517315,2.0
2019-09-01,2019,9,25,5.426854,5.62,0.06228965778876931,0.0
2019-10-01,2019,10,25,8.273646,7.05,0.06268521276236548,37.0
2019-11-01,2019,11,25,10.115624,7.65,0.06308076773596162,268.64
2019-12-01,2019,12,25,11.429397,5.52,0.0634763227095578,183.06
2018-01-01,2018,1,26,0.010099796,32.83,0.06290069999999999,175.0
2018-02-01,2018,2,26,0.010139866,16.94,0.06313559608333333,62.04
2018-03-01,2018,3,26,0.010048587,35.38,0.06337049216666665,86.33
2018-04-01,2018,4,26,0.010039602,135.77,0.06360538824999999,388.47
2018-05-01,2018,5,26,0.010032205,135.2,0.06384028433333333,244.54
2018-06-01,2018,6,26,0.010177811,58.05,0.06407518041666665,179.58
2018-07-01,2018,7,26,0.010144089,32.14,0.06431007650000001,151.71
2018-08-01,2018,8,26,0.010048587,18.62,0.06454497258333332,83.29
2018-09-01,2018,9,26,0.009855274,21.87,0.06477986866666666,28.0
2018-10-01,2018,10,26,0.010291382,985.06,0.06501476475,209.33
2018-11-01,2018,11,26,0.010085007,296.6,0.06524966083333332,623.67
2018-12-01,2018,12,26,0.01031165,49.43,0.06548455691666666,166.0
2019-01-01,2019,1,26,0.010661683,23.83,0.065719453,5.0
2019-02-01,2019,2,26,0.009995633,10.5,0.06598718655073532,23.0
2019-03-01,2019,3,26,0.0100256335,13.76,0.06625492010147065,59.71
2019-04-01,2019,4,26,0.010731351,110.06,0.06652265365220596,193.79
2019-05-01,2019,5,26,0.010035836,54.6,0.06679038720294128,269.5
2019-06-01,2019,6,26,0.010291382,70.85,0.0670581207536766,220.62
2019-07-01,2019,7,26,0.010046829,20.55,0.06732585430441193,107.54
2019-08-01,2019,8,26,0.010059172,10.32,0.06759358785514727,62.83
2019-09-01,2019,9,26,0.010661683,28.97,0.06786132140588258,3.0
2019-10-01,2019,10,26,0.010291382,64.27,0.06812905495661789,214.83
2019-11-01,2019,11,26,0.010094668,72.59,0.06839678850735323,299.04
2019-12-01,2019,12,26,0.010039602,45.83,0.06866452205808854,387.13
2018-01-01,2018,1,27,15.364563,12.51,0.042431863,156.56
2018-02-01,2018,2,27,12.908043,10.83,0.04250850125,47.54
2018-03-01,2018,3,27,16.085482,13.6,0.0425851395,122.71
2018-04-01,2018,4,27,15.778762,43.99,0.042661777750000004,107.15
2018-05-01,2018,5,27,17.624348,11.7,0.042738416,131.34
2018-06-01,2018,6,27,13.62858,14.28,0.04281505425,52.82
2018-07-01,2018,7,27,14.500735,10.8,0.0428916925,43.76
2018-08-01,2018,8,27,10.003978,9.24,0.042968330750000006,37.2
2018-09-01,2018,9,27,10.008692,9.36,0.043044969,28.99
2018-10-01,2018,10,27,17.445435,70.76,0.04312160725,70.28
2018-11-01,2018,11,27,22.789873,22.93,0.0431982455,367.09
2018-12-01,2018,12,27,15.384401,8.52,0.04327488375000002,114.09
2019-01-01,2019,1,27,12.156734,6.44,0.043351522,39.98
2019-02-01,2019,2,27,13.281273,4.52,0.043436939408163296,50.17
2019-03-01,2019,3,27,8.576058,4.94,0.04352235681632658,7.0
2019-04-01,2019,4,27,14.860948,12.01,0.04360777422448986,56.69
2019-05-01,2019,5,27,15.384401,6.88,0.04369319163265317,118.44
2019-06-01,2019,6,27,13.642162,13.49,0.043778609040816464,137.39
2019-07-01,2019,7,27,8.21906,6.76,0.043864026448979736,23.63
2019-08-01,2019,8,27,9.79397,4.61,0.043949443857143035,34.96
2019-09-01,2019,9,27,8.13313,5.08,0.04403486126530634,25.7
2019-10-01,2019,10,27,11.8608,9.5,0.04412027867346962,166.4
2019-11-01,2019,11,27,13.487746,13.63,0.04420569608163289,94.53
2019-12-01,2019,12,27,12.656767,13.3,0.0442911134897962,188.8
2018-01-01,2018,1,28,79.65312,62.4076250000068,0.056044663,165.0
2018-02-01,2018,2,28,26.568918,23.3303125000003,0.05621630783333333,0.0
2018-03-01,2018,3,28,36.76186,17.7158125,0.05638795266666665,26.0
2018-04-01,2018,4,28,54.689293,18.65396875,0.0565595975,73.0
2018-05-01,2018,5,28,118.792076,76.325,0.05673124233333333,386.0
2018-06-01,2018,6,28,165.53835,81.46110416666664,0.056902887166666666,430.0
2018-07-01,2018,7,28,147.32983,95.0625416666666,0.057074532,480.0
2018-08-01,2018,8,28,126.3537,72.1898125,0.05724617683333332,324.0
2018-09-01,2018,9,28,136.66869,83.16151041666666,0.05741782166666666,665.0
2018-10-01,2018,10,28,99.79807,87.15214583333332,0.057589466499999985,275.0
2018-11-01,2018,11,28,134.06305,150.06077777778802,0.05776111133333332,687.8
2018-12-01,2018,12,28,77.229515,52.637875,0.05793275616666666,188.0
2019-01-01,2019,1,28,38.973293,22.1760000000004,0.058104400999999986,2.0
2019-02-01,2019,2,28,26.568918,16.73068750000015,0.05829853162936305,0.0
2019-03-01,2019,3,28,47.64522,14.7188749999997,0.058492662258726125,51.0
2019-04-01,2019,4,28,148.16031,18.15800000000125,0.05868679288808917,421.0
2019-05-01,2019,5,28,119.720116,118.355375000034,0.058880923517452236,402.0
2019-06-01,2019,6,28,99.79807,90.52690625001979,0.0590750541468153,277.0
2019-07-01,2019,7,28,116.38794,95.8763749999024,0.05926918477617836,382.0
2019-08-01,2019,8,28,139.9893,77.8838333333333,0.05946331540554142,491.0
2019-09-01,2019,9,28,129.69577,87.52066666662711,0.059657446034904485,378.0
2019-10-01,2019,10,28,161.12784,99.3227291666666,0.05985157666426754,418.0
2019-11-01,2019,11,28,139.2519,139.2000000000425,0.0600457072936306,492.0
2019-12-01,2019,12,28,82.82863,55.911416666666696,0.06023983792299367,262.0
2018-01-01,2018,1,29,59.167637,56.11,0.016089459,687.48
2018-02-01,2018,2,29,59.478912,55.53,0.016162291333333342,679.51
2018-03-01,2018,3,29,60.68385,53.2,0.01623512366666667,520.66
2018-04-01,2018,4,29,60.480507,59.2,0.016307956000000002,509.87
2018-05-01,2018,5,29,64.1,62.43,0.01638078833333333,860.42
2018-06-01,2018,6,29,58.590015,60.96,0.01645362066666667,1085.27
2018-07-01,2018,7,29,59.66059,62.93,0.016526453,760.25
2018-08-01,2018,8,29,54.597847,68.22,0.01659928533333333,916.31
2018-09-01,2018,9,29,58.590015,60.18,0.01667211766666667,1084.85
2018-10-01,2018,10,29,58.531487,54.85,0.01674495,486.77
2018-11-01,2018,11,29,53.865208,62.02,0.01681778233333333,798.35
2018-12-01,2018,12,29,56.458584,54.75,0.01689061466666666,1153.58
2019-01-01,2019,1,29,58.07887,57.01,0.016963447,453.94
2019-02-01,2019,2,29,53.471184,56.04,0.017047216408601542,230.77
2019-03-01,2019,3,29,59.678005,52.89,0.01713098581720308,548.43
2019-04-01,2019,4,29,56.257404,58.77,0.01721475522580462,645.9
2019-05-01,2019,5,29,56.48306,62.2,0.01729852463440616,654.2
2019-06-01,2019,6,29,56.714214,59.39,0.017382294043007698,726.6
2019-07-01,2019,7,29,59.730072,62.45,0.01746606345160924,835.48
2019-08-01,2019,8,29,64.1,67.34,0.017549832860210782,861.22
2019-09-01,2019,9,29,57.173233,60.49,0.017633602268812318,1048.02
2019-10-01,2019,10,29,54.656414,56.31,0.017717371677413857,1416.42
2019-11-01,2019,11,29,58.034855,61.37,0.0178011410860154,1032.96
2019-12-01,2019,12,29,61.605106,55.91,0.017884910494616938,620.01
2018-01-01,2018,1,30,6.9385114,20.5358333333333,0.030510278999999998,185.57953651
2018-02-01,2018,2,30,10.887898,14.025,0.030608347916666664,276.546641893
2018-03-01,2018,3,30,7.4797745,5.07920833333333,0.03070641683333333,234.02284814720002
2018-04-01,2018,4,30,9.867486,7.31358333333333,0.030804485750000006,265.9243659178
2018-05-01,2018,5,30,7.6632085,10.92,0.03090255466666666,213.6931292382
2018-06-01,2018,6,30,3.629983,3.9682916666666648,0.03100062358333333,83.4082426132
2018-07-01,2018,7,30,4.017395,3.068,0.0310986925,44.4818510838
2018-08-01,2018,8,30,4.033944,2.51,0.031196761416666663,50.85177025300001
2018-09-01,2018,9,30,3.7677095,2.55975,0.03129483033333333,94.8686903608
2018-10-01,2018,10,30,16.811522,3.78875,0.031392899249999995,364.15357698580004
2018-11-01,2018,11,30,20.576937,23.32223958333335,0.03149096816666667,631.1242199986
2018-12-01,2018,12,30,3.66108,11.66,0.031589037083333334,78.3168500244
2019-01-01,2019,1,30,4.1878843,3.38575,0.031687106,103.960231745
2019-02-01,2019,2,30,7.5280046,3.2875833333333304,0.03179821681580873,171.66131463419995
2019-03-01,2019,3,30,7.4774666,5.412875,0.03190932763161746,225.4828638896
2019-04-01,2019,4,30,16.829845,16.880572916666697,0.032020438447426185,384.4644989707999
2019-05-01,2019,5,30,7.183505,10.28125,0.032131549263234915,200.1248007992
2019-06-01,2019,6,30,4.9819,8.123402173913044,0.03224266007904365,23.0362978324
2019-07-01,2019,7,30,3.9061034,2.758,0.03235377089485239,33.5913225054
2019-08-01,2019,8,30,3.6430597,3.5200833333333303,0.03246488171066112,0.7732465488
2019-09-01,2019,9,30,3.6057398,3.0163333333333338,0.03257599252646985,94.6044832284
2019-10-01,2019,10,30,10.985093,4.11941666666667,0.03268710334227858,273.71547529679987
2019-11-01,2019,11,30,20.576937,19.4338541666667,0.03279821415808731,642.5807653183999
2019-12-01,2019,12,30,10.806683,20.26,0.032909324973896044,327.922637897
2018-01-01,2018,1,31,6.8725257,9.85500000000006,0.025759186,164.29999999999995
2018-02-01,2018,2,31,6.8831096,6.78125000000015,0.02582577266666667,174.6
2018-03-01,2018,3,31,6.333344,6.8,0.02589235933333333,29.9
2018-04-01,2018,4,31,6.8575454,8.318750000000241,0.025958946,117.5
2018-05-01,2018,5,31,7.356199,9.022499999998539,0.02602553266666667,143.79999999999995
2018-06-01,2018,6,31,7.5719275,11.683750000000147,0.02609211933333333,5.7
2018-07-01,2018,7,31,6.6808543,10.0537500000012,0.026158706,20.8
2018-08-01,2018,8,31,5.556648,8.521250000000759,0.026225292666666667,1.8
2018-09-01,2018,9,31,6.2741385,5.546875000000164,0.02629187933333333,38.2
2018-10-01,2018,10,31,7.0354567,5.28125000000033,0.026358466,112.6
2018-11-01,2018,11,31,7.593861,8.124531249996895,0.026425052666666667,468.1
2018-12-01,2018,12,31,6.38549,8.183750000000469,0.02649163933333333,51.7
2019-01-01,2019,1,31,6.9268556,7.0437500000002,0.026558226,163.7
2019-02-01,2019,2,31,7.0896387,6.324218750000192,0.026633119264742138,115.59999999999998
2019-03-01,2019,3,31,5.975217,6.289062500000041,0.026708012529484286,97.4
2019-04-01,2019,4,31,7.636052,8.286875000000125,0.026782905794226416,159.7
2019-05-01,2019,5,31,6.8433614,8.37125000000043,0.02685779905896856,118.2
2019-06-01,2019,6,31,6.3899384,9.7090625,0.02693269232371069,31.4
2019-07-01,2019,7,31,6.924136,9.43895833333334,0.02700758558845284,9.1
2019-08-01,2019,8,31,6.0748763,7.600416666666669,0.027082478853194973,0.0
2019-09-01,2019,9,31,6.8448834,5.498697916666665,0.027157372117937114,117.9
2019-10-01,2019,10,31,6.492805,5.444375,0.02723226538267925,135.1
2019-11-01,2019,11,31,7.593861,8.51875,0.027307158647421392,416.70000000000016
2019-12-01,2019,12,31,7.447879,10.4004166666667,0.02738205191216353,265.7
2018-01-01,2018,1,32,44.00396,36.39,0.022922032999999998,164.02
2018-02-01,2018,2,32,52.225517,36.5,0.02295700425,183.23
2018-03-01,2018,3,32,38.815067,38.0,0.022991975499999998,145.11
2018-04-01,2018,4,32,36.02913,39.17,0.02302694675,91.33
2018-05-01,2018,5,32,36.02913,37.59,0.023061917999999997,89.46
2018-06-01,2018,6,32,35.45991,38.31,0.02309688925,117.1
2018-07-01,2018,7,32,27.83855,34.53,0.023131860499999997,24.5
2018-08-01,2018,8,32,25.138996,35.81,0.02316683175,22.2
2018-09-01,2018,9,32,18.41342,21.83,0.023201803,3.9
2018-10-01,2018,10,32,28.205666,15.9,0.023236774249999998,83.4
2018-11-01,2018,11,32,38.98427,39.12,0.0232717455,141.7
2018-12-01,2018,12,32,48.06458,35.46,0.023306716749999998,279.0
2019-01-01,2019,1,32,26.094244,25.08,0.023341688,77.8
2019-02-01,2019,2,32,35.726025,21.22,0.02338053691043732,128.3
2019-03-01,2019,3,32,36.02913,17.26,0.02341938582087463,88.54
2019-04-01,2019,4,32,26.141056,35.25,0.023458234731311943,76.52
2019-05-01,2019,5,32,52.19815,34.64,0.02349708364174926,185.54
2019-06-01,2019,6,32,30.571758,49.15,0.023535932552186577,132.92
2019-07-01,2019,7,32,28.89187,42.27,0.02357478146262389,36.28
2019-08-01,2019,8,32,24.39709,35.45,0.02361363037306121,16.0
2019-09-01,2019,9,32,27.26313,19.22,0.02365247928349852,9.4
2019-10-01,2019,10,32,21.700518,23.9,0.02369132819393584,53.52
2019-11-01,2019,11,32,30.571758,46.4,0.02373017710437315,132.74
2019-12-01,2019,12,32,51.340466,57.6,0.023769026014810467,291.74
2018-01-01,2018,1,33,6.6605206,6.41,0.025341827999999997,355.54
2018-02-01,2018,2,33,7.3988824,5.42,0.025392102166666663,296.24
2018-03-01,2018,3,33,5.1712728,4.92,0.02544237633333333,395.62
2018-04-01,2018,4,33,5.867467,4.81,0.0254926505,195.47
2018-05-01,2018,5,33,7.042058,3.47,0.02554292466666666,207.81
2018-06-01,2018,6,33,7.156184,2.98,0.02559319883333333,257.77
2018-07-01,2018,7,33,3.4052851,2.41,0.025643473,40.88
2018-08-01,2018,8,33,3.3816993,2.03,0.025693747166666663,53.3
2018-09-01,2018,9,33,3.467994,1.84,0.025744021333333332,36.27
2018-10-01,2018,10,33,3.9818587,3.25,0.025794295499999998,58.56
2018-11-01,2018,11,33,7.696954,5.59,0.025844569666666664,305.86
2018-12-01,2018,12,33,5.2343187,8.42,0.02589484383333333,627.49
2019-01-01,2019,1,33,3.3816993,6.35,0.025945118,52.61
2019-02-01,2019,2,33,6.618617,5.11,0.026001268179989958,326.43
2019-03-01,2019,3,33,4.253146,4.83,0.02605741835997992,175.37
2019-04-01,2019,4,33,7.233898,4.93,0.026113568539969868,181.34
2019-05-01,2019,5,33,5.801223,3.52,0.026169718719959836,392.25
2019-06-01,2019,6,33,5.406774,3.11,0.026225868899949788,200.79
2019-07-01,2019,7,33,3.4052851,2.52,0.026282019079939743,41.01
2019-08-01,2019,8,33,3.8652713,2.13,0.026338169259929704,64.8
2019-09-01,2019,9,33,3.3204954,1.92,0.026394319439919663,4.0
2019-10-01,2019,10,33,4.650699,3.36,0.026450469619909614,144.27
2019-11-01,2019,11,33,7.457453,5.6,0.026506619799899576,273.98
2019-12-01,2019,12,33,5.546788,8.11,0.02656276997988953,584.98
2018-01-01,2018,1,34,149.31566,196.682291666667,0.029005675,117.3837472854
2018-02-01,2018,2,34,206.46089,147.12760416666652,0.029321666333333336,189.8236896753
2018-03-01,2018,3,34,231.88895,185.255208333333,0.029637657666666668,243.37363545840003
2018-04-01,2018,4,34,324.8992,291.1744791666665,0.029953649,306.1051585437
2018-05-01,2018,5,34,497.68063,452.00625,0.03026964033333333,422.2685196418
2018-06-01,2018,6,34,497.68063,677.5104166666665,0.03058563166666667,418.07936358980004
2018-07-01,2018,7,34,328.7422,650.584782608696,0.030901623,313.3499887354
2018-08-01,2018,8,34,325.37332,521.775000000028,0.03121761433333333,310.11183633490003
2018-09-01,2018,9,34,169.26845,219.76302083333348,0.031533605666666666,151.59610481299998
2018-10-01,2018,10,34,163.33125,179.630208333333,0.031849597,147.22745452409995
2018-11-01,2018,11,34,166.96553,226.25,0.03216558833333333,155.2180371732
2018-12-01,2018,12,34,178.0721,180.3125,0.03248157966666666,147.8583756579
2019-01-01,2019,1,34,183.54143,183.604166666667,0.032797571,169.4681889942
2019-02-01,2019,2,34,176.5504,202.65625,0.033187353589675415,159.257024815
2019-03-01,2019,3,34,276.06635,276.13020833333303,0.03357713617935081,270.5251434254
2019-04-01,2019,4,34,283.3154,356.1484375,0.033966918769026216,257.3424538516
2019-05-01,2019,5,34,448.28802,485.0145833333329,0.034356701358701634,392.5775084421
2019-06-01,2019,6,34,448.28802,685.8520833333333,0.03474648394837704,394.2064548273
2019-07-01,2019,7,34,448.28802,680.229166666667,0.03513626653805245,390.9645269658001
2019-08-01,2019,8,34,283.72055,480.495833333333,0.03552604912772785,284.39528009289995
2019-09-01,2019,9,34,179.43906,274.3333333333335,0.035915831717403264,160.7603610474
2019-10-01,2019,10,34,241.97673,281.90625,0.03630561430707868,224.57174212285
2019-11-01,2019,11,34,231.02356,291.890625,0.03669539689675408,239.9228975952
2019-12-01,2019,12,34,182.02725,340.34895833333303,0.03708517948642949,201.68996386669997
2018-01-01,2018,1,35,318.15356,316.437499999938,0.072297992,258.8301790372
2018-02-01,2018,2,35,206.76079,147.8500000000005,0.07318278758333334,96.8146002709
2018-03-01,2018,3,35,318.15356,293.912500000028,0.07406758316666667,258.9529930205
2018-04-01,2018,4,35,349.16217,473.118750000056,0.07495237875,336.58852585810007
2018-05-01,2018,5,35,419.39175,603.656249999954,0.07583717433333334,490.9783746293999
2018-06-01,2018,6,35,438.75677,565.8718750000413,0.07672196991666667,561.2688621131998
2018-07-01,2018,7,35,375.73462,449.28125000002404,0.07760676550000001,447.4999912995
2018-08-01,2018,8,35,366.75256,424.625000000028,0.07849156108333334,369.2789903194
2018-09-01,2018,9,35,266.86002,240.16874999992248,0.07937635666666668,208.84469164790002
2018-10-01,2018,10,35,315.1483,202.98750000007303,0.08026115225000001,223.02108544220002
2018-11-01,2018,11,35,272.46252,340.668749999957,0.08114594783333334,192.5306133321
2018-12-01,2018,12,35,272.46252,328.043181818182,0.08203074341666668,193.32385615389998
2019-01-01,2019,1,35,321.2675,336.27083333333303,0.08291553900000001,309.442764512
2019-02-01,2019,2,35,279.8869,350.41818181818155,0.08402252263311621,182.2766670019
2019-03-01,2019,3,35,329.61868,319.966666666667,0.08512950626623242,330.96124745480006
2019-04-01,2019,4,35,320.73358,490.49375,0.08623648989934864,304.5936300079
2019-05-01,2019,5,35,402.56155,504.5916666666671,0.08734347353246484,473.9313648892
2019-06-01,2019,6,35,439.36664,563.1833333333335,0.08845045716558106,669.8754992009999
2019-07-01,2019,7,35,412.44183,555.070833333333,0.08955744079869726,507.6588229811
2019-08-01,2019,8,35,375.73462,359.1825,0.09066442443181348,445.5159369011001
2019-09-01,2019,9,35,280.7104,258.076875,0.09177140806492967,187.7606813087
2019-10-01,2019,10,35,366.75256,331.129166666667,0.09287839169804588,370.9779358008
2019-11-01,2019,11,35,360.2535,429.94732142857146,0.09398537533116212,339.8453642496
2019-12-01,2019,12,35,314.9435,512.575,0.09509235896427833,295.108304147
2018-01-01,2018,1,36,62.94009,46.66874999999761,0.076753666,108.35109656799999
2018-02-01,2018,2,36,22.32655,19.812500000000547,0.07720213008333332,2.0352674840000002
2018-03-01,2018,3,36,68.17204,16.321875,0.07765059416666667,191.63320201599998
2018-04-01,2018,4,36,303.51968,187.665625000017,0.07809905824999999,632.7426158200002
2018-05-01,2018,5,36,232.52617,457.77500000005097,0.07854752233333333,455.69169377
2018-06-01,2018,6,36,271.98483,420.08437499993806,0.07899598641666666,511.17384822599996
2018-07-01,2018,7,36,271.98483,358.587499999995,0.0794444505,510.168270792
2018-08-01,2018,8,36,94.858444,243.350000000034,0.07989291458333334,255.6413282970001
2018-09-01,2018,9,36,160.05472,109.1781250000045,0.08034137866666667,229.317999728
2018-10-01,2018,10,36,144.20836,201.437499999998,0.08078984275000001,324.32158507200006
2018-11-01,2018,11,36,88.47739,138.378125000017,0.08123830683333333,144.375886138
2018-12-01,2018,12,36,23.567427,51.13750000000511,0.08168677091666668,32.853402938
2019-01-01,2019,1,36,23.393402,21.9500000000004,0.082135235,31.963223172
2019-02-01,2019,2,36,34.80923,21.4578124999997,0.08265877106439844,66.198007722
2019-03-01,2019,3,36,65.80206,27.118750000002304,0.08318230712879687,136.29367018
2019-04-01,2019,4,36,101.07323,111.798437500007,0.08370584319319532,296.62010934799997
2019-05-01,2019,5,36,232.52617,243.54999999993802,0.08422937925759376,443.3138973960001
2019-06-01,2019,6,36,302.95303,419.337499999956,0.0847529153219922,589.810172358
2019-07-01,2019,7,36,157.64912,244.725,0.08527645138639063,260.793941252
2019-08-01,2019,8,36,71.8917,167.56250000005,0.08579998745078908,134.06955184
2019-09-01,2019,9,36,68.3034,104.0593749999835,0.0863235235151875,160.315860688
2019-10-01,2019,10,36,81.96779,134.893749999993,0.08684705957958595,250.66200939800004
2019-11-01,2019,11,36,130.47156,140.02187500002302,0.08737059564398439,282.5139374480001
2019-12-01,2019,12,36,62.801464,63.88750000000221,0.08789413170838282,145.99098131000005
2018-01-01,2018,1,37,102.83931,124.886150000013,0.031862309,205.7646400815
2018-02-01,2018,2,37,50.38896,54.35965625000594,0.032002008416666665,122.8387378299
2018-03-01,2018,3,37,107.65202,64.7466250000078,0.03214170783333333,255.86054841490002
2018-04-01,2018,4,37,104.90781,193.40017500003947,0.03228140725,155.67195856380002
2018-05-01,2018,5,37,185.51282,239.173049999958,0.032421106666666664,387.82847424610003
2018-06-01,2018,6,37,57.33669,108.970731249946,0.03256080608333333,36.70939357339999
2018-07-01,2018,7,37,50.40839,39.2697500000011,0.032700505500000004,35.2264460973
2018-08-01,2018,8,37,56.79237,24.8395625000005,0.03284020491666667,49.558011139499996
2018-09-01,2018,9,37,95.145744,32.383406250004256,0.03297990433333334,162.4920145277
2018-10-01,2018,10,37,218.89041,255.04305000009998,0.033119603750000004,486.31808098790015
2018-11-01,2018,11,37,154.6609,190.0385187500105,0.03325930316666667,311.96445545529997
2018-12-01,2018,12,37,54.488132,62.672062500005104,0.03339900258333334,49.0347326908
2019-01-01,2019,1,37,104.90781,32.320499999999,0.033538702000000004,156.4653994131
2019-02-01,2019,2,37,163.874,98.54253749989435,0.033699119653409534,310.0800366161
2019-03-01,2019,3,37,172.77841,155.95481250001302,0.033859537306819086,324.6713851043001
2019-04-01,2019,4,37,173.96854,258.3341187499925,0.034019954960228624,363.9650640473
2019-05-01,2019,5,37,176.40877,164.18931250005198,0.03418037261363816,320.8720598082
2019-06-01,2019,6,37,53.06582,116.67202499998552,0.0343407902670477,97.9232631958
2019-07-01,2019,7,37,46.0437,34.4652500000043,0.034501207920457244,27.8638009891
2019-08-01,2019,8,37,64.670845,19.995437499998,0.03466162557386678,8.750624823799999
2019-09-01,2019,9,37,49.877228,16.970218750001152,0.03482204322727632,124.49324939809998
2019-10-01,2019,10,37,126.18999,61.255625000009395,0.034982460880685864,284.3976264574
2019-11-01,2019,11,37,103.31495,119.80899374997948,0.0351428785340954,231.29379318450003
2019-12-01,2019,12,37,104.85344,107.97062500002899,0.03530329618750494,183.2868885216
2018-01-01,2018,1,38,37.649303,43.56,0.022777947000000003,158.7825919912
2018-02-01,2018,2,38,34.784653,42.056453125,0.022823882500000003,82.59191043874998
2018-03-01,2018,3,38,35.193356,45.55635416666665,0.022869818000000004,80.0657743078
2018-04-01,2018,4,38,37.402275,60.08505208333335,0.022915753500000004,164.09413095969998
2018-05-01,2018,5,38,31.545773,63.131875,0.022961689,139.41591158300002
2018-06-01,2018,6,38,29.682106,66.9448958333333,0.0230076245,63.52461558740001
2018-07-01,2018,7,38,37.613945,53.1929166666667,0.02305356,40.3103583177
2018-08-01,2018,8,38,32.86077,44.225,0.0230994955,5.620716635400001
2018-09-01,2018,9,38,29.824015,29.4643229166667,0.023145431,19.2654585328
2018-10-01,2018,10,38,32.952885,25.37875,0.023191366499999998,125.783772642
2018-11-01,2018,11,38,39.09438,49.0309375,0.023237302,254.76565764490002
2018-12-01,2018,12,38,37.2245,45.038854166666695,0.0232832375,17.1599052675
2019-01-01,2019,1,38,34.655632,38.1319791666667,0.023329172999999998,71.9102004302
2019-02-01,2019,2,38,34.34398,35.9090104166667,0.023380497151047168,59.61638524550001
2019-03-01,2019,3,38,33.425953,31.3570833333333,0.023431821302094348,98.79204420850002
2019-04-01,2019,4,38,37.6686,50.72213541666665,0.023483145453141518,159.90310951450002
2019-05-01,2019,5,38,33.0943,50.8011458333333,0.02353446960418869,128.6199271979
2019-06-01,2019,6,38,37.628998,61.4683333333333,0.023585793755235868,41.48916801980001
2019-07-01,2019,7,38,32.193886,54.3413541666667,0.023637117906283044,28.801496425800003
2019-08-01,2019,8,38,37.116337,46.1395833333333,0.023688442057330214,0.0
2019-09-01,2019,9,38,34.836147,28.901875,0.0237397662083774,48.48286654159999
2019-10-01,2019,10,38,33.0943,38.4077083333333,0.023791090359424567,130.8987781246
2019-11-01,2019,11,38,58.983803,83.09359375,0.023842414510471744,348.5817271154
2019-12-01,2019,12,38,37.126686,92.079375,0.023893738661518917,154.57778693880002
2018-01-01,2018,1,39,196.46582,173.0,0.024540251000000003,109.90466
2018-02-01,2018,2,39,158.14455,115.05750000000099,0.024630359666666667,7.766539999999999
2018-03-01,2018,3,39,273.07797,176.415000000013,0.02472046833333334,190.77482
2018-04-01,2018,4,39,1524.4305,830.7500000000392,0.024810577,458.51442
2018-05-01,2018,5,39,1381.9888,1931.70249999998,0.02490068566666667,565.7735
2018-06-01,2018,6,39,1387.7849,1851.5599999998847,0.024990794333333337,555.92306
2018-07-01,2018,7,39,1546.2219,1761.60250000013,0.025080903,525.4138
2018-08-01,2018,8,39,1329.3181,1633.8824999999301,0.025171011666666663,397.25492
2018-09-01,2018,9,39,899.47833,1109.198750000115,0.02526112033333333,245.6766
2018-10-01,2018,10,39,1292.223,1224.37250000019,0.025351229000000003,428.44654
2018-11-01,2018,11,39,316.30054,757.2550000000685,0.025441337666666668,153.55366
2018-12-01,2018,12,39,316.01895,295.88000000000403,0.025531446333333332,38.7133
2019-01-01,2019,1,39,140.19746,150.880000000003,0.025621555,10.86276
2019-02-01,2019,2,39,158.06184,112.03999999999901,0.025724186720165743,6.50584
2019-03-01,2019,3,39,315.03558,218.14750000002,0.025826818440331488,154.51788
2019-04-01,2019,4,39,1573.891,798.689999999778,0.02592945016049723,463.21074
2019-05-01,2019,5,39,1634.8094,1534.9950000002,0.026032081880662968,501.26825999999994
2019-06-01,2019,6,39,1635.0306,1845.39124999996,0.026134713600828717,504.77732000000003
2019-07-01,2019,7,39,1537.9363,1747.74999999987,0.02623734532099446,445.09756
2019-08-01,2019,8,39,1165.774,1477.17250000016,0.0263399770411602,402.50577999999996
2019-09-01,2019,9,39,854.8039,902.6662500000864,0.026442608761325943,257.84090000000003
2019-10-01,2019,10,39,882.8981,849.657499999947,0.026545240481491685,250.30143999999999
2019-11-01,2019,11,39,625.98944,870.1937500001468,0.02664787220165743,236.5133
2019-12-01,2019,12,39,246.70198,479.60000000000196,0.02675050392182317,67.87686
2018-01-01,2018,1,40,754.3582,428.799999999997,0.023450835,111.95935
2018-02-01,2018,2,40,370.72946,221.70249999998947,0.02356195266666667,5.78457
2018-03-01,2018,3,40,706.3495,285.60374999994997,0.02367307033333333,156.10211
2018-04-01,2018,4,40,2658.7124,1086.591250000025,0.023784188,585.6202599999998
2018-05-01,2018,5,40,2795.3506,3311.40499999983,0.02389530566666667,504.69332
2018-06-01,2018,6,40,2648.7258,3774.938750000105,0.02400642333333334,535.3350800000002
2018-07-01,2018,7,40,2792.4944,3868.45,0.024117541,508.19582
2018-08-01,2018,8,40,2037.0703,3678.42624999964,0.024228658666666663,373.13646
2018-09-01,2018,9,40,2140.6855,2194.9493750001398,0.02433977633333333,255.59445
2018-10-01,2018,10,40,2029.8457,2198.58500000025,0.024450894,380.46757
2018-11-01,2018,11,40,439.17145,1156.341250000055,0.024562011666666668,131.52278
2018-12-01,2018,12,40,442.7362,385.400000000022,0.02467312933333333,28.5938
2019-01-01,2019,1,40,359.86652,241.161249999967,0.024784247000000002,8.44898
2019-02-01,2019,2,40,378.14923,209.09125000000301,0.024912358787765047,6.1724700000000015
2019-03-01,2019,3,40,608.07654,265.431250000015,0.02504047057553009,154.57718
2019-04-01,2019,4,40,1992.239,892.3049999993964,0.025168582363295142,388.50261
2019-05-01,2019,5,40,2888.8262,2873.40625000044,0.025296694151060183,462.47458
2019-06-01,2019,6,40,2842.0557,3746.247500000416,0.025424805938825228,456.86538
2019-07-01,2019,7,40,1906.3407,3579.122499999891,0.025552917726590275,406.07842
2019-08-01,2019,8,40,1983.0995,3005.6700000003802,0.02568102951435532,387.08142
2019-09-01,2019,9,40,1825.8997,1656.5600000000256,0.025809141302120364,230.91325
2019-10-01,2019,10,40,1856.8169,1354.7699999996198,0.02593725308988541,252.9471
2019-11-01,2019,11,40,1355.2898,1093.8862499999302,0.026065364877650456,207.74295
2019-12-01,2019,12,40,450.19513,584.159999999905,0.0261934766654155,80.64563000000003
2018-01-01,2018,1,41,1153.7108,1072.65625000001,0.021326156000000002,90.99919
2018-02-01,2018,2,41,774.2831,991.5437500000003,0.021424781250000004,3.6699300000000004
2018-03-01,2018,3,41,1306.4844,997.843750000011,0.0215234065,132.61149
2018-04-01,2018,4,41,5861.505,1677.843749999965,0.02162203175,502.75084
2018-05-01,2018,5,41,5595.6597,6221.93749999989,0.021720657,429.41482
2018-06-01,2018,6,41,4754.979,9409.426249999826,0.021819282250000002,448.85987000000006
2018-07-01,2018,7,41,5419.14,9197.98,0.0219179075,424.27772000000004
2018-08-01,2018,8,41,5406.0557,8967.47833333333,0.022016532749999998,312.28184
2018-09-01,2018,9,41,3421.7976,6281.23125,0.022115158,218.66415
2018-10-01,2018,10,41,5075.6094,4813.39375,0.02221378325,322.58612999999997
2018-11-01,2018,11,41,787.3715,3292.281250000105,0.0223124085,119.99327
2018-12-01,2018,12,41,1070.4194,1045.4874999999001,0.02241103375,24.1383
2019-01-01,2019,1,41,706.7534,621.125000000006,0.022509658999999998,7.441319999999998
2019-02-01,2019,2,41,785.119,533.125000000006,0.022623220994676133,6.01653
2019-03-01,2019,3,41,1306.4844,576.84999999994,0.022736782989352253,136.04420000000002
2019-04-01,2019,4,41,3689.5674,874.4687500000099,0.02285034498402838,335.86207
2019-05-01,2019,5,41,5635.4067,4499.25,0.02296390697870451,395.1679699999999
2019-06-01,2019,6,41,5896.041,7398.8208333333305,0.02307746897338064,378.28426
2019-07-01,2019,7,41,4900.938,7902.6675,0.023191030968056758,346.08656
2019-08-01,2019,8,41,5108.612,7220.38750000021,0.02330459296273289,322.22249000000005
2019-09-01,2019,9,41,3127.1172,4068.893749999925,0.023418154957409017,200.21495
2019-10-01,2019,10,41,3710.379,3895.96250000008,0.023531716952085144,221.24621
2019-11-01,2019,11,41,1942.9214,3120.506249999995,0.023645278946761272,181.02525
2019-12-01,2019,12,41,1111.9651,1172.275,0.0237588409414374,72.81251999999998
2018-01-01,2018,1,42,1202.9729,527.618750000044,0.036243039,219.9678
2018-02-01,2018,2,42,346.79056,179.14375000001252,0.03649123875,64.9245
2018-03-01,2018,3,42,1148.63,103.500000000002,0.0367394385,252.1785
2018-04-01,2018,4,42,1547.1356,1223.3140624999153,0.03698763825,509.6
2018-05-01,2018,5,42,1485.8678,2172.82499999996,0.037235838,481.6716
2018-06-01,2018,6,42,1532.411,2537.79062499998,0.03748403775,503.1312
2018-07-01,2018,7,42,1547.1356,2821.62500000002,0.0377322375,508.3006
2018-08-01,2018,8,42,1472.6333,2423.40937500004,0.03798043725,351.7121
2018-09-01,2018,9,42,1489.7855,1980.0875000000199,0.038228637,304.5745
2018-10-01,2018,10,42,1656.2212,1083.73437499999,0.03847683675,392.726
2018-11-01,2018,11,42,1229.0262,1223.75625000001,0.0387250365,433.9411
2018-12-01,2018,12,42,1672.2845,673.9624999999501,0.03897323625,373.6903
2019-01-01,2019,1,42,1627.3646,268.634374999979,0.039221436,342.6081999999999
2019-02-01,2019,2,42,990.05774,407.806250000003,0.03951445027890769,326.99659999999994
2019-03-01,2019,3,42,1423.1246,582.646874999934,0.03980746455781538,450.8835
2019-04-01,2019,4,42,979.1029,1135.1765624999996,0.04010047883672308,440.9856
2019-05-01,2019,5,42,1547.1356,2405.33437500004,0.04039349311563077,530.7615
2019-06-01,2019,6,42,1444.1115,2564.94062499998,0.04068650739453846,473.5063
2019-07-01,2019,7,42,1672.2845,2604.76562500001,0.04097952167344615,373.38
2019-08-01,2019,8,42,617.5383,2224.66562499998,0.04127253595235385,179.6982
2019-09-01,2019,9,42,1127.7393,1524.29687500001,0.04156555023126154,248.5353
2019-10-01,2019,10,42,1387.6525,1177.79687500002,0.041858564510169234,297.2377
2019-11-01,2019,11,42,1202.9729,1236.92968749997,0.042151578789076924,219.9941
2019-12-01,2019,12,42,1254.9572,1045.475,0.042444593067984614,290.8431
2018-01-01,2018,1,43,1057.7725,1048.99416666675,0.011944685,603.2729999999998
2018-02-01,2018,2,43,581.8362,782.3166562500851,0.0119992965,374.47312
2018-03-01,2018,3,43,707.0645,742.7803020834419,0.012053908,442.5043
2018-04-01,2018,4,43,785.30963,1037.1633437494252,0.0121085195,520.6809400000002
2018-05-01,2018,5,43,1057.7694,1081.30020833255,0.012163131,595.3661199999998
2018-06-01,2018,6,43,1035.1871,990.146624999738,0.0122177425,790.4688800000001
2018-07-01,2018,7,43,1054.2191,1064.36537500033,0.012272354,855.08926
2018-08-01,2018,8,43,1118.5103,925.692333333414,0.0123269655,687.4861000000003
2018-09-01,2018,9,43,484.67233,737.845593749722,0.012381577,355.26332
2018-10-01,2018,10,43,830.3217,965.0652500000548,0.0124361885,483.42646
2018-11-01,2018,11,43,1058.1908,1405.3629166667554,0.012490799999999998,626.0635
2018-12-01,2018,12,43,711.53143,932.524104166299,0.0125454115,446.9239999999999
2019-01-01,2019,1,43,481.94974,269.1975,0.012600023,237.19008
2019-02-01,2019,2,43,581.8362,665.8981875,0.012662867793409058,379.40600000000006
2019-03-01,2019,3,43,709.63904,414.2626666666671,0.012725712586818115,459.99743999999987
2019-04-01,2019,4,43,709.63904,877.2094027777775,0.012788557380227172,462.27354
2019-05-01,2019,5,43,1166.423,1349.27485416667,0.012851402173636232,726.7416999999997
2019-06-01,2019,6,43,1098.2255,1161.58189930556,0.01291424696704529,588.81552
2019-07-01,2019,7,43,1107.7456,960.033888888889,0.012977091760454348,689.1903599999998
2019-08-01,2019,8,43,1068.1376,886.594708333333,0.013039936553863408,878.7343000000003
2019-09-01,2019,9,43,1169.7704,1380.2008715277798,0.013102781347272463,728.1753799999997
2019-10-01,2019,10,43,1062.1606,1316.82526388889,0.013165626140681522,884.9353199999998
2019-11-01,2019,11,43,1062.4327,1364.8187708333348,0.01322847093409058,892.3472800000003
2019-12-01,2019,12,43,1111.8395,1635.73020833333,0.013291315727499637,827.0872199999999
2018-01-01,2018,1,44,3754.2087,3306.37668750003,0.007809826999999998,583.7791199999998
2018-02-01,2018,2,44,2323.906,2329.9510937499754,0.007840932666666666,418.8079
2018-03-01,2018,3,44,2323.906,1676.05124999956,0.007872038333333333,417.67386
2018-04-01,2018,4,44,3663.754,3037.2616562499747,0.007903143999999999,507.73384000000004
2018-05-01,2018,5,44,3480.5989,2791.5043750001196,0.007934249666666665,523.2425999999998
2018-06-01,2018,6,44,4010.468,2940.8697812500404,0.007965355333333334,810.5776
2018-07-01,2018,7,44,4099.1025,3122.81262500018,0.007996461,721.9518400000003
2018-08-01,2018,8,44,4089.8408,2765.87625000009,0.008027566666666666,706.5482400000003
2018-09-01,2018,9,44,2557.7952,2699.56056249996,0.008058672333333333,394.1967599999999
2018-10-01,2018,10,44,2323.906,2724.052500000031,0.008089777999999999,413.4863
2018-11-01,2018,11,44,3900.983,3748.918468749961,0.008120883666666667,628.74488
2018-12-01,2018,12,44,2567.7402,3402.1693125000797,0.008151989333333333,397.85697999999996
2019-01-01,2019,1,44,2017.0835,1292.5391250001,0.008183095,181.69396
2019-02-01,2019,2,44,2665.228,1663.0114062499854,0.008218650292354572,342.97536
2019-03-01,2019,3,44,2333.0505,1414.2348125000399,0.008254205584709145,262.35034999999993
2019-04-01,2019,4,44,3653.1719,3190.0484999999762,0.008289760877063719,472.7784
2019-05-01,2019,5,44,4069.2986,3072.4523124999396,0.008325316169418291,652.17558
2019-06-01,2019,6,44,3736.1855,3816.5156250000655,0.008360871461772864,575.3105099999998
2019-07-01,2019,7,44,4123.8286,3355.822937500061,0.008396426754127438,667.6214600000002
2019-08-01,2019,8,44,3665.4524,2864.42737500009,0.008431982046482009,481.33588
2019-09-01,2019,9,44,3704.3826,2813.647374999965,0.008467537338836583,601.9195
2019-10-01,2019,10,44,3700.3716,3116.83900000002,0.008503092631191155,597.76798
2019-11-01,2019,11,44,3767.867,3739.160593750001,0.00853864792354573,570.5202
2019-12-01,2019,12,44,3780.5042,3672.107874999721,0.008574203215900302,563.5794
2018-01-01,2018,1,45,369.22073,248.540000000015,0.167274915,77.0
2018-02-01,2018,2,45,276.9006,139.09500000000298,0.16796450758333334,51.0
2018-03-01,2018,3,45,884.41077,131.007499999995,0.16865410016666665,290.0
2018-04-01,2018,4,45,1370.387,804.2674999998824,0.16934369275,506.0
2018-05-01,2018,5,45,1064.1798,1990.98750000026,0.17003328533333334,444.0
2018-06-01,2018,6,45,966.5781,3030.99375000032,0.17072287791666668,357.0
2018-07-01,2018,7,45,1419.714,2153.66249999984,0.17141247050000002,483.0
2018-08-01,2018,8,45,968.08875,1487.4000000000399,0.17210206308333334,325.0
2018-09-01,2018,9,45,537.4159,660.322500000016,0.17279165566666668,150.0
2018-10-01,2018,10,45,831.03467,668.8100000000779,0.17348124825000005,268.0
2018-11-01,2018,11,45,363.11758,596.9300000000445,0.17417084083333334,76.0
2018-12-01,2018,12,45,262.92664,237.49250000000598,0.17486043341666668,34.0
2019-01-01,2019,1,45,325.20255,156.132500000011,0.17555002600000005,55.0
2019-02-01,2019,2,45,276.9006,169.7850000000125,0.17633952434343764,48.0
2019-03-01,2019,3,45,775.62213,221.597499999986,0.1771290226868753,211.0
2019-04-01,2019,4,45,537.4159,358.8137500000382,0.17791852103031294,150.0
2019-05-01,2019,5,45,819.18555,1098.0874999994999,0.17870801937375058,280.0
2019-06-01,2019,6,45,1283.9208,3087.31874999945,0.17949751771718822,896.0
2019-07-01,2019,7,45,941.1147,1844.56249999992,0.18028701606062586,348.0
2019-08-01,2019,8,45,425.33005,988.700000000074,0.1810765144040635,169.0
2019-09-01,2019,9,45,528.2073,553.9175000000184,0.18186601274750114,189.0
2019-10-01,2019,10,45,1042.2317,790.9125000000549,0.1826555110909388,427.0
2019-11-01,2019,11,45,791.3409,894.6374999999706,0.1834450094343764,340.0
2019-12-01,2019,12,45,376.0958,388.7124999999981,0.18423450777781405,133.0
2018-01-01,2018,1,46,982.8291,766.500000000011,0.12722087699999998,95.4053
2018-02-01,2018,2,46,567.20544,271.429687500009,0.12797555558333332,8.625399999999999
2018-03-01,2018,3,46,1475.0789,198.168750000003,0.12873023416666665,153.2513
2018-04-01,2018,4,46,3562.9927,1744.5062500000852,0.12948491275,496.5701
2018-05-01,2018,5,46,3566.794,5701.44999999981,0.13023959133333332,471.5994
2018-06-01,2018,6,46,3470.619,6165.464062499997,0.13099426991666666,429.2788
2018-07-01,2018,7,46,3562.9927,5279.815000000061,0.1317489485,506.3654
2018-08-01,2018,8,46,2459.2656,4401.370000000179,0.13250362708333333,203.7943
2018-09-01,2018,9,46,2247.1096,1885.7043750001446,0.13325830566666666,175.3446
2018-10-01,2018,10,46,2651.4983,1762.4587499997501,0.13401298425,205.2263
2018-11-01,2018,11,46,1372.6256,1816.5806250000892,0.13476766283333333,115.2576
2018-12-01,2018,12,46,754.1798,763.059999999912,0.13552234141666664,32.4266
2019-01-01,2019,1,46,678.5952,319.37500000000597,0.13627702,31.2547
2019-02-01,2019,2,46,812.1694,359.86593750003095,0.137158910835584,61.3695
2019-03-01,2019,3,46,1410.7394,459.606250000035,0.138040801671168,159.7947
2019-04-01,2019,4,46,3207.763,823.988124999993,0.13892269250675202,287.7764
2019-05-01,2019,5,46,2541.3538,3070.32249999954,0.13980458334233606,332.1254
2019-06-01,2019,6,46,3615.921,5779.23531249981,0.14068647417792005,566.7195
2019-07-01,2019,7,46,1856.8444,5071.109999999961,0.14156836501350406,295.4393
2019-08-01,2019,8,46,2083.0752,3162.45499999997,0.14245025584908805,169.2268
2019-09-01,2019,9,46,1206.7257,1688.04687500001,0.14333214668467206,161.0331
2019-10-01,2019,10,46,2837.3923,2436.74000000008,0.14421403752025608,300.9513
2019-11-01,2019,11,46,2817.2817,2761.983124999995,0.14509592835584004,263.1079
2019-12-01,2019,12,46,1575.8984,1557.33874999999,0.14597781919142408,109.5342
2018-01-01,2018,1,47,2067.8464,708.432500000022,0.06816053799999999,99.5319
2018-02-01,2018,2,47,971.53217,380.660000000007,0.06865521233333333,11.6245
2018-03-01,2018,3,47,2451.3398,292.372500000002,0.06914988666666666,175.0201
2018-04-01,2018,4,47,3095.0474,1239.142812499975,0.069644561,509.8429
2018-05-01,2018,5,47,2963.6567,5115.302499999961,0.07013923533333333,456.6921
2018-06-01,2018,6,47,3195.153,6891.894999999955,0.07063390966666666,423.9781
2018-07-01,2018,7,47,3095.0474,8515.65000000008,0.07112858400000001,506.9385
2018-08-01,2018,8,47,2649.8567,7911.160000000021,0.07162325833333333,229.026
2018-09-01,2018,9,47,2451.3398,5535.243125000159,0.07211793266666666,179.1193
2018-10-01,2018,10,47,1741.0896,2638.93750000003,0.072612607,211.3906
2018-11-01,2018,11,47,1936.0641,2626.217499999995,0.07310728133333333,97.3501
2018-12-01,2018,12,47,894.09595,997.9437500000032,0.07360195566666666,34.9927
2019-01-01,2019,1,47,894.09595,490.49750000001296,0.07409663,34.4694
2019-02-01,2019,2,47,806.4679,379.045625000001,0.07468327231330125,53.5064
2019-03-01,2019,3,47,2451.3398,310.003750000001,0.07526991462660251,175.66899999999995
2019-04-01,2019,4,47,3443.7612,632.0899999999956,0.07585655693990377,289.85979999999995
2019-05-01,2019,5,47,3194.5347,2361.4499999997893,0.07644319925320503,341.9612
2019-06-01,2019,6,47,3036.3042,4911.96812499995,0.07702984156650629,603.9630999999998
2019-07-01,2019,7,47,3930.0266,8076.6399999999585,0.07761648387980752,302.4782
2019-08-01,2019,8,47,1330.9425,7166.80000000004,0.07820312619310879,186.0484
2019-09-01,2019,9,47,2451.3398,3259.3400000000292,0.07878976850641005,173.1772
2019-10-01,2019,10,47,3443.7612,3227.59999999997,0.07937641081971131,290.6631
2019-11-01,2019,11,47,3365.2124,2881.6837499999933,0.07996305313301258,258.2815
2019-12-01,2019,12,47,2398.324,1831.0,0.08054969544631382,110.22419999999998
2018-01-01,2018,1,48,3261.5264,1177.12499999999,0.056154544,99.4909
2018-02-01,2018,2,48,2014.1375,762.2937500000156,0.05656059783333334,11.987
2018-03-01,2018,3,48,3972.8425,593.0374999999971,0.05696665166666666,176.46220000000002
2018-04-01,2018,4,48,4381.1475,1220.5374999999249,0.0573727055,510.21340000000015
2018-05-01,2018,5,48,4119.6855,6433.82524999996,0.057778759333333325,456.21930000000015
2018-06-01,2018,6,48,4387.9053,8219.763249999978,0.058184813166666675,423.3746
2018-07-01,2018,7,48,4381.1475,8755.22474999999,0.05859086700000001,506.797
2018-08-01,2018,8,48,4629.507,8735.35612500001,0.05899692083333333,230.4278
2018-09-01,2018,9,48,3972.8425,8468.49993750001,0.05940297466666668,179.0763
2018-10-01,2018,10,48,3289.484,4413.31599999998,0.059809028499999986,211.9861
2018-11-01,2018,11,48,2830.5166,4159.691999999979,0.060215082333333336,96.7179
2018-12-01,2018,12,48,1612.5327,1781.0250000000399,0.06062113616666667,35.060500000000005
2019-01-01,2019,1,48,1712.0642,754.962500000011,0.06102719,34.7054
2019-02-01,2019,2,48,1686.0525,615.778124999989,0.0615085950525291,53.25870000000001
2019-03-01,2019,3,48,3972.8425,604.199999999981,0.06199000010505819,176.34060000000005
2019-04-01,2019,4,48,4871.781,1020.375,0.06247140515758728,288.9352
2019-05-01,2019,5,48,3246.2866,3315.82737499993,0.06295281021011638,341.79940000000005
2019-06-01,2019,6,48,3652.0676,7063.004249999996,0.06343421526264546,607.1004
2019-07-01,2019,7,48,5261.9824,8491.45162499997,0.06391562031517456,303.0787
2019-08-01,2019,8,48,3052.4788,8772.35287500001,0.06439702536770366,186.4547
2019-09-01,2019,9,48,3972.8425,7051.413625000112,0.06487843042023275,173.6202
2019-10-01,2019,10,48,5100.122,5164.2257499999705,0.06535983547276182,291.4107
2019-11-01,2019,11,48,5028.192,3775.5,0.06584124052529093,258.82280000000003
2019-12-01,2019,12,48,3629.2944,2736.0,0.06632264557782003,110.3883
