codigo,nombre,categoria,tecnologia,estado,departamento,municipio,ubicacion,altitud,fecha_instalacion,fecha_suspension,area_operativa,corriente,area_hidrografica,zona_hidrografica,subzona_hidrografica,entidad,x,y
13095010,COVENAS - AUT,Meteorológica Especial,Automática con Telemetría,Suspendida,Sucre,Tolú,"(9.38333333, -75.66666667)",1,15/02/1980,15/04/1992,Area Operativa 02 - Atlántico-Bolivar-Sucre,Manzanares,Caribe,Caribe - Litoral,Directos Caribe Golfo de Morrosquillo,INSTITUTO DE HIDROLOGIA METEOROLOGIA Y ESTUDIOS AMBIENTALES,-75.66666667,9.38333333
14015070,ISLA DEL TESORO,Meteorológica Especial,Convencional,Suspendida,Bolívar,Cartagena De Indias,"(10.23333333, -75.75)",2,15/03/1985,15/10/1990,Area Operativa 02 - Atlántico-Bolivar-Sucre,Mar Caribe,Caribe,Sinú,Bajo Sinú,INSTITUTO DE HIDROLOGIA METEOROLOGIA Y ESTUDIOS AMBIENTALES,-75.75,10.23333333
35075050,MARTOTA,Meteorológica Especial,Convencional,Suspendida,Boyacá,Somondoco,"(4.95, -73.43333333)","2,62",15/02/1989,15/06/1996,Area Operativa 06 - Boyacá-Casanare-Vichada,Magdalena,Orinoco,Meta,Río Garagoa,INSTITUTO DE HIDROLOGIA METEOROLOGIA Y ESTUDIOS AMBIENTALES,-73.43333333,4.95
21205910,LA COSECHA - AUT,Meteorológica Especial,Automática con Telemetría,Activa,Cundinamarca,Zipaquirá,"(4.98922222, -74.00119444)","2,6",14/09/1976,,Area Operativa 11 - Cundinamarca-Amazonas-San Andrés,0,Magdalena Cauca,Alto Magdalena,Río Bogotá,INSTITUTO DE HIDROLOGIA METEOROLOGIA Y ESTUDIOS AMBIENTALES,-74.00119444,4.98922222
15065110,CAURINA,Meteorológica Especial,Convencional,Suspendida,La Guajira,Barrancas,"(11.01666667, -72.55)",380,15/12/1985,15/03/1998,Area Operativa 05 - Magdalena-Cesar-Guajira,Ay Cerrejon,Caribe,Caribe - Guajira,Río Ranchería,INSTITUTO DE HIDROLOGIA METEOROLOGIA Y ESTUDIOS AMBIENTALES,-72.55,11.01666667
15065170,ESPINAL EL,Meteorológica Especial,Convencional,Suspendida,La Guajira,Hato Nuevo,"(11.06666667, -72.73333333)",150,15/04/1991,15/02/1998,Area Operativa 05 - Magdalena-Cesar-Guajira,Ay Cerrejon,Caribe,Caribe - Guajira,Río Ranchería,INSTITUTO DE HIDROLOGIA METEOROLOGIA Y ESTUDIOS AMBIENTALES,-72.73333333,11.06666667
15065100,CRUZ LA HACIENDA,Meteorológica Especial,Convencional,Activa,La Guajira,Hato Nuevo,"(11.11586111, -72.70858333)",155,15/12/1985,,Area Operativa 05 - Magdalena-Cesar-Guajira,Mar Caribe,Caribe,Caribe - Guajira,Río Ranchería,INSTITUTO DE HIDROLOGIA METEOROLOGIA Y ESTUDIOS AMBIENTALES,-72.70858333,11.11586111
15065120,LAGUNA D OXIDACION,Meteorológica Especial,Convencional,Suspendida,La Guajira,Albania (La guajira),"(11.15, -72.58333333)",89,15/12/1985,15/02/1996,Area Operativa 05 - Magdalena-Cesar-Guajira,Ay Bruno,Caribe,Caribe - Guajira,Río Ranchería,INSTITUTO DE HIDROLOGIA METEOROLOGIA Y ESTUDIOS AMBIENTALES,-72.58333333,11.15
26205080,ALDEA LA,Meteorológica Especial,Convencional,Activa,Antioquia,Medellín,"(6.34105556, -75.70094444)","1,737",15/09/1990,,Area Operativa 01 - Antioquia-Chocó,Penderisco,Magdalena Cauca,Cauca,Directos Río Cauca  entre Río San Juan y  Pto Valdivia,INSTITUTO DE HIDROLOGIA METEOROLOGIA Y ESTUDIOS AMBIENTALES,-75.70094444,6.34105556
21206010,LORETOKI HACIENDA,Meteorológica Especial,Convencional,Activa,Cundinamarca,Suesca,"(5.08902778, -73.80275)","2,55",15/02/1977,,Area Operativa 11 - Cundinamarca-Amazonas-San Andrés,Lengupa,Magdalena Cauca,Alto Magdalena,Río Bogotá,INSTITUTO DE HIDROLOGIA METEOROLOGIA Y ESTUDIOS AMBIENTALES,-73.80275,5.08902778
21206000,ADPOSTAL,Meteorológica Especial,Convencional,Suspendida,Bogotá,"Bogota, D.C","(4.68075, -74.12363889)","2,55",15/04/1985,10/05/2011,Area Operativa 11 - Cundinamarca-Amazonas-San Andrés,San Juan,Magdalena Cauca,Alto Magdalena,Río Bogotá,INSTITUTO DE HIDROLOGIA METEOROLOGIA Y ESTUDIOS AMBIENTALES,-74.12363889,4.68075
21206540,EDIFICIO PREMIUM,Meteorológica Especial,Convencional,Suspendida,Bogotá,"Bogota, D.C","(4.68694444, -74.05422222)","2,56",15/01/1997,10/12/2008,Area Operativa 11 - Cundinamarca-Amazonas-San Andrés,Meta,Magdalena Cauca,Alto Magdalena,Río Bogotá,INSTITUTO DE HIDROLOGIA METEOROLOGIA Y ESTUDIOS AMBIENTALES,-74.05422222,4.68694444
21135060,USOSALDANA,Meteorológica Especial,Convencional,Suspendida,Tolima,Saldaña,"(3.93333333, -75.01666667)",311,15/06/1992,15/03/1997,Area Operativa 10 - Tolima,Saldana,Magdalena Cauca,Saldaña,Bajo Saldaña,INSTITUTO DE HIDROLOGIA METEOROLOGIA Y ESTUDIOS AMBIENTALES,-75.01666667,3.93333333
21205730,CENTRO MED ANDES,Meteorológica Especial,Convencional,Suspendida,Bogotá,"Bogota, D.C","(4.69816667, -74.03683333)","2,575",15/01/1985,10/05/2011,Area Operativa 11 - Cundinamarca-Amazonas-San Andrés,Cravo Sur,Magdalena Cauca,Alto Magdalena,Río Bogotá,INSTITUTO DE HIDROLOGIA METEOROLOGIA Y ESTUDIOS AMBIENTALES,-74.03683333,4.69816667
21245140,SANTA ISABEL,Meteorológica Especial,Convencional,Activa,Tolima,Santa Isabel,"(4.71186111, -75.09445556)","2,288",15/10/1981,,Area Operativa 10 - Tolima,Barbas,Magdalena Cauca,Alto Magdalena,Río Lagunilla y Otros Directos al Magdalena,INSTITUTO DE HIDROLOGIA METEOROLOGIA Y ESTUDIOS AMBIENTALES,-75.09445556,4.71186111
21206060,CASABLANCA,Meteorológica Especial,Convencional,Activa,Cundinamarca,Madrid,"(4.71711111, -74.25333333)","2,575",15/09/1976,,Area Operativa 11 - Cundinamarca-Amazonas-San Andrés,Otun,Magdalena Cauca,Alto Magdalena,Río Bogotá,INSTITUTO DE HIDROLOGIA METEOROLOGIA Y ESTUDIOS AMBIENTALES,-74.25333333,4.71711111
21245090,ERMITA LA,Meteorológica Especial,Convencional,Suspendida,Tolima,Santa Isabel,"(4.71666667, -75.25)","3,25",15/11/1981,15/07/2004,Area Operativa 10 - Tolima,Otun,Magdalena Cauca,Alto Magdalena,Río Totare,INSTITUTO DE HIDROLOGIA METEOROLOGIA Y ESTUDIOS AMBIENTALES,-75.25,4.71666667
21205870,SALITRE EL,Meteorológica Especial,Convencional,Activa,Cundinamarca,Bojacá,"(4.73888889, -74.33427778)","2,57",15/09/1976,,Area Operativa 11 - Cundinamarca-Amazonas-San Andrés,Meta,Magdalena Cauca,Alto Magdalena,Río Bogotá,INSTITUTO DE HIDROLOGIA METEOROLOGIA Y ESTUDIOS AMBIENTALES,-74.33427778,4.73888889
21206210,FLORES COLOMBIANAS,Meteorológica Especial,Convencional,Suspendida,Cundinamarca,Funza,"(4.73625, -74.15733333)","2,56",15/07/1986,15/02/2013,Area Operativa 11 - Cundinamarca-Amazonas-San Andrés,Meta,Magdalena Cauca,Alto Magdalena,Río Bogotá,INSTITUTO DE HIDROLOGIA METEOROLOGIA Y ESTUDIOS AMBIENTALES,-74.15733333,4.73625
35035080,TERMO OCOA,Meteorológica Especial,Convencional,Suspendida,Meta,Villavicencio,"(4.1, -73.7)",400,15/12/1993,15/07/2000,Area Operativa 03 - Meta-Guaviare-Guainía,Ocoa,Orinoco,Meta,Río Guatiquía,INSTITUTO DE HIDROLOGIA METEOROLOGIA Y ESTUDIOS AMBIENTALES,-73.7,4.1
21205950,TIBACHOQUE HACIENDA,Meteorológica Especial,Convencional,Suspendida,Cundinamarca,Funza,"(4.75905556, -74.20516667)","2,56",15/02/1977,10/12/2008,Area Operativa 11 - Cundinamarca-Amazonas-San Andrés,San Juan,Magdalena Cauca,Alto Magdalena,Río Bogotá,INSTITUTO DE HIDROLOGIA METEOROLOGIA Y ESTUDIOS AMBIENTALES,-74.20516667,4.75905556
21205920,SUASUQUE,Meteorológica Especial,Convencional,Activa,Cundinamarca,Sopó,"(4.82083333, -73.96388889)","2,65",15/09/1976,,Area Operativa 11 - Cundinamarca-Amazonas-San Andrés,Claro,Magdalena Cauca,Alto Magdalena,Río Bogotá,INSTITUTO DE HIDROLOGIA METEOROLOGIA Y ESTUDIOS AMBIENTALES,-73.96388889,4.82083333
26135180,HOTEL TERMALES,Meteorológica Especial,Convencional,Suspendida,RIsaralda,Santa Rosa De Cabal,"(4.83333333, -75.55)","2,25",15/06/1981,15/09/1991,Area Operativa 09 - Cauca-Valle-Caldas,Claro,Magdalena Cauca,Cauca,Río Otún y otros directos al Cauca,INSTITUTO DE HIDROLOGIA METEOROLOGIA Y ESTUDIOS AMBIENTALES,-75.55,4.83333333
21205930,VILLA ROSA,Meteorológica Especial,Convencional,Suspendida,Cundinamarca,Cota,"(4.83333333, -74.1)","2,57",15/09/1976,15/09/1992,Area Operativa 11 - Cundinamarca-Amazonas-San Andrés,Claro,Magdalena Cauca,Alto Magdalena,Río Bogotá,INSTITUTO DE HIDROLOGIA METEOROLOGIA Y ESTUDIOS AMBIENTALES,-74.1,4.83333333
21206030,SAN CAYETANO,Meteorológica Especial,Convencional,Activa,Cundinamarca,Subachoque,"(4.91683333, -74.18166667)","2,65",15/02/1977,,Area Operativa 11 - Cundinamarca-Amazonas-San Andrés,Risaralda,Magdalena Cauca,Alto Magdalena,Río Bogotá,INSTITUTO DE HIDROLOGIA METEOROLOGIA Y ESTUDIOS AMBIENTALES,-74.18166667,4.91683333
21205990,LLANO EL,Meteorológica Especial,Convencional,Suspendida,Cundinamarca,Sopó,"(4.92777778, -73.95)","2,56",14/02/1977,03/05/2019,Area Operativa 11 - Cundinamarca-Amazonas-San Andrés,0,Magdalena Cauca,Alto Magdalena,Río Bogotá,INSTITUTO DE HIDROLOGIA METEOROLOGIA Y ESTUDIOS AMBIENTALES,-73.95,4.92777778
21206490,HATO ALTO,Meteorológica Especial,Convencional,Suspendida,Cundinamarca,Tenjo,"(4.83508333, -74.13991667)","2,57",15/08/1993,31/12/2012,Area Operativa 11 - Cundinamarca-Amazonas-San Andrés,Cno Butaquito,Magdalena Cauca,Alto Magdalena,Río Bogotá,INSTITUTO DE HIDROLOGIA METEOROLOGIA Y ESTUDIOS AMBIENTALES,-74.13991667,4.83508333
21205960,TACHI,Meteorológica Especial,Convencional,Activa,Cundinamarca,Subachoque,"(4.93905556, -74.15258333)","2,65",15/02/1977,,Area Operativa 11 - Cundinamarca-Amazonas-San Andrés,Cno Duya,Magdalena Cauca,Alto Magdalena,Río Bogotá,INSTITUTO DE HIDROLOGIA METEOROLOGIA Y ESTUDIOS AMBIENTALES,-74.15258333,4.93905556
24035300,SAN CRISTOBAL,Meteorológica Especial,Convencional,Suspendida,Boyacá,Toca,"(5.59691667, -73.18772222)","2,7",15/07/1971,28/08/2014,Area Operativa 06 - Boyacá-Casanare-Vichada,Iza,Magdalena Cauca,Sogamoso,Río Chicamocha,INSTITUTO DE HIDROLOGIA METEOROLOGIA Y ESTUDIOS AMBIENTALES,-73.18772222,5.59691667
21205880,FLORES CHIBCHA,Meteorológica Especial,Convencional,Activa,Cundinamarca,Madrid,"(4.78972222, -74.26477778)","2,55",15/09/1976,,Area Operativa 11 - Cundinamarca-Amazonas-San Andrés,Guavio,Magdalena Cauca,Alto Magdalena,Río Bogotá,INSTITUTO DE HIDROLOGIA METEOROLOGIA Y ESTUDIOS AMBIENTALES,-74.26477778,4.78972222
35035090,ALTO DEL TIGRE,Meteorológica Especial,Convencional,Suspendida,Meta,El Calvario,"(4.28486111, -73.74833333)","3,53",15/07/1995,15/10/2010,Area Operativa 03 - Meta-Guaviare-Guainía,Guaroco,Orinoco,Meta,Río Guatiquía,INSTITUTO DE HIDROLOGIA METEOROLOGIA Y ESTUDIOS AMBIENTALES,-73.74833333,4.28486111
23125090,PAUNA,Meteorológica Especial,Convencional,Activa,Boyacá,Pauna,"(5.64947222, -73.98102778)","1,225",15/03/1993,,Area Operativa 06 - Boyacá-Casanare-Vichada,Minero,Magdalena Cauca,Medio Magdalena,Río Carare (Minero),INSTITUTO DE HIDROLOGIA METEOROLOGIA Y ESTUDIOS AMBIENTALES,-73.98102778,5.64947222
21206250,CORITO,Meteorológica Especial,Convencional,Suspendida,Cundinamarca,Facatativá,"(4.8, -74.36666667)","2,58",15/06/1988,15/05/1991,Area Operativa 11 - Cundinamarca-Amazonas-San Andrés,Recio,Magdalena Cauca,Alto Magdalena,Río Bogotá,INSTITUTO DE HIDROLOGIA METEOROLOGIA Y ESTUDIOS AMBIENTALES,-74.36666667,4.8
23055080,FLORENCIA,Meteorológica Especial,Convencional,Suspendida,Caldas,Samaná,"(5.53333333, -75.05)","1,575",15/07/1977,20/06/2018,Area Operativa 10 - Tolima,0,Magdalena Cauca,Medio Magdalena,Río La Miel (Samaná),INSTITUTO DE HIDROLOGIA METEOROLOGIA Y ESTUDIOS AMBIENTALES,-75.05,5.53333333
21205890,GUANATA,Meteorológica Especial,Convencional,Activa,Cundinamarca,Chía,"(4.88594444, -74.05433333)","2,55",15/09/1976,,Area Operativa 11 - Cundinamarca-Amazonas-San Andrés,Quebrada Los Trabajos,Magdalena Cauca,Alto Magdalena,Río Bogotá,INSTITUTO DE HIDROLOGIA METEOROLOGIA Y ESTUDIOS AMBIENTALES,-74.05433333,4.88594444
21206020,SANTILLANA,Meteorológica Especial,Convencional,Activa,Cundinamarca,Tabio,"(4.89852778, -74.10483333)","2,575",15/02/1977,,Area Operativa 11 - Cundinamarca-Amazonas-San Andrés,Lagunilla,Magdalena Cauca,Alto Magdalena,Río Bogotá,INSTITUTO DE HIDROLOGIA METEOROLOGIA Y ESTUDIOS AMBIENTALES,-74.10483333,4.89852778
24035140,VENECIA HACIENDA,Meteorológica Especial,Convencional,Suspendida,Boyacá,Sogamoso,"(5.68333333, -72.96666667)","2,5",15/03/1968,15/02/2002,Area Operativa 06 - Boyacá-Casanare-Vichada,Embalse La Playa,Magdalena Cauca,Sogamoso,Río Chicamocha,INSTITUTO DE HIDROLOGIA METEOROLOGIA Y ESTUDIOS AMBIENTALES,-72.96666667,5.68333333
26115080,CANDELARIA,Meteorológica Especial,Convencional,Activa,Valle del Cauca,Roldanillo,"(4.48091667, -76.07988889)",945,15/01/1978,,Area Operativa 09 - Cauca-Valle-Caldas,Bogota,Magdalena Cauca,Cauca,Rios Pescador - RUT - Chanco - Catarina y Cañaveral,INSTITUTO DE HIDROLOGIA METEOROLOGIA Y ESTUDIOS AMBIENTALES,-76.07988889,4.48091667
21205850,COLOMBIANO EL,Meteorológica Especial,Convencional,Suspendida,Cundinamarca,Sesquilé,"(5.03388889, -73.84819444)","2,567",14/09/1976,03/05/2019,Area Operativa 11 - Cundinamarca-Amazonas-San Andrés,0,Magdalena Cauca,Alto Magdalena,Río Bogotá,INSTITUTO DE HIDROLOGIA METEOROLOGIA Y ESTUDIOS AMBIENTALES,-73.84819444,5.03388889
21206240,CENTRO GAVIOTAS,Meteorológica Especial,Convencional,Suspendida,Bogotá,"Bogota, D.C","(4.6, -74.06666667)","2,7",15/08/1987,15/09/1992,Area Operativa 11 - Cundinamarca-Amazonas-San Andrés,Quebrada Perlas,Magdalena Cauca,Alto Magdalena,Río Bogotá,INSTITUTO DE HIDROLOGIA METEOROLOGIA Y ESTUDIOS AMBIENTALES,-74.06666667,4.6
21205600,VELODROMO 1 D MAYO,Meteorológica Especial,Convencional,Suspendida,Bogotá,"Bogota, D.C","(4.61666667, -74.06666667)","2,65",15/03/1986,15/06/1993,Area Operativa 11 - Cundinamarca-Amazonas-San Andrés,Cauca,Magdalena Cauca,Alto Magdalena,Río Bogotá,INSTITUTO DE HIDROLOGIA METEOROLOGIA Y ESTUDIOS AMBIENTALES,-74.06666667,4.61666667
21205860,CORZO EL,Meteorológica Especial,Convencional,Suspendida,Bogotá,"Bogota, D.C","(4.65, -74.2)","2,54",15/09/1976,15/02/1992,Area Operativa 11 - Cundinamarca-Amazonas-San Andrés,Seco,Magdalena Cauca,Alto Magdalena,Río Bogotá,INSTITUTO DE HIDROLOGIA METEOROLOGIA Y ESTUDIOS AMBIENTALES,-74.2,4.65
26155160,PALESTINA,Meteorológica Especial,Convencional,Suspendida,Caldas,Chinchina,"(5.01666667, -75.51666667)","1,5",15/02/1989,15/11/1992,Area Operativa 09 - Cauca-Valle-Caldas,Villeta,Magdalena Cauca,Cauca,Río Chinchiná,INSTITUTO DE HIDROLOGIA METEOROLOGIA Y ESTUDIOS AMBIENTALES,-75.51666667,5.01666667
33035010,CARIMAGUA - AUT,Meteorológica Especial,Automática con Telemetría,Activa,Meta,Puerto Gaitán,"(4.57441667, -71.34075)",200,14/05/1972,,Area Operativa 03 - Meta-Guaviare-Guainía,0,Orinoco,Vichada,Río Muco,INSTITUTO DE HIDROLOGIA METEOROLOGIA Y ESTUDIOS AMBIENTALES,-71.34075,4.57441667
21205840,SENA K 30,Meteorológica Especial,Convencional,Suspendida,Bogotá,"Bogota, D.C","(4.59536111, -74.11183333)","2,553",15/04/1985,10/05/2011,Area Operativa 11 - Cundinamarca-Amazonas-San Andrés,Cauca,Magdalena Cauca,Alto Magdalena,Río Bogotá,INSTITUTO DE HIDROLOGIA METEOROLOGIA Y ESTUDIOS AMBIENTALES,-74.11183333,4.59536111
21205970,HACIENDA SANTA ANA,Meteorológica Especial,Convencional,Activa,Cundinamarca,Nemocón,"(5.0905, -73.88125)","2,572",15/02/1977,,Area Operativa 11 - Cundinamarca-Amazonas-San Andrés,0,Magdalena Cauca,Alto Magdalena,Río Bogotá,INSTITUTO DE HIDROLOGIA METEOROLOGIA Y ESTUDIOS AMBIENTALES,-73.88125,5.0905
21205760,CLINICA SAN RAFAEL,Meteorológica Especial,Convencional,Suspendida,Bogotá,"Bogota, D.C","(4.6, -74.08333333)","2,6",15/01/1985,15/01/1998,Area Operativa 11 - Cundinamarca-Amazonas-San Andrés,Quebrada Perlas,Magdalena Cauca,Alto Magdalena,Río Bogotá,INSTITUTO DE HIDROLOGIA METEOROLOGIA Y ESTUDIOS AMBIENTALES,-74.08333333,4.6
21206040,ESAP,Meteorológica Especial,Convencional,Suspendida,Bogotá,"Bogota, D.C","(4.64677778, -74.09636111)","2,553",15/04/1985,08/09/2009,Area Operativa 11 - Cundinamarca-Amazonas-San Andrés,Seco,Magdalena Cauca,Alto Magdalena,Río Bogotá,INSTITUTO DE HIDROLOGIA METEOROLOGIA Y ESTUDIOS AMBIENTALES,-74.09636111,4.64677778
29035180,PRESA AY MATUYA,Meteorológica Especial,Convencional,Suspendida,Bolívar,María La Baja,"(9.92847222, -75.27991667)",60,15/01/1976,28/08/2014,Area Operativa 02 - Atlántico-Bolivar-Sucre,Emb Ay Matuya,Magdalena Cauca,Bajo Magdalena,Canal del Dique margen izquierda,INSTITUTO DE HIDROLOGIA METEOROLOGIA Y ESTUDIOS AMBIENTALES,-75.27991667,9.92847222
52055080,COBENAS,Meteorológica Especial,Convencional,Suspendida,Nariño,Pasto,"(1.2, -77.16666667)","3,2",15/02/1986,15/05/1990,Area Operativa 07 - Nariño-Putumayo,San Pedro,Pacifico,Patía,Río Juananbú,INSTITUTO DE HIDROLOGIA METEOROLOGIA Y ESTUDIOS AMBIENTALES,-77.16666667,1.2
52045060,VIVERO CORFONAR,Meteorológica Especial,Convencional,Suspendida,Nariño,Pasto,"(1.21666667, -77.23333333)","2,8",15/09/1984,15/04/1997,Area Operativa 07 - Nariño-Putumayo,Mocoa,Pacifico,Patía,Río Juananbú,INSTITUTO DE HIDROLOGIA METEOROLOGIA Y ESTUDIOS AMBIENTALES,-77.23333333,1.21666667
23055070,ARGELIA,Meteorológica Especial,Convencional,Activa,Antioquia,Argelia (Antioquia),"(5.73, -75.14)","1,755",15/07/1977,,Area Operativa 01 - Antioquia-Chocó,0,Magdalena Cauca,Medio Magdalena,Río La Miel (Samaná),INSTITUTO DE HIDROLOGIA METEOROLOGIA Y ESTUDIOS AMBIENTALES,-75.14,5.73
2120500152,HACIENDA SANTA ANA,Meteorológica Especial,Convencional,Suspendida,Cundinamarca,Nemocón,"(5.09, -73.88)","2,572",15/02/1977,20/02/2020,Area Operativa 11 - Cundinamarca-Amazonas-San Andrés,0,Magdalena Cauca,Alto Magdalena,Río Bogotá,INSTITUTO DE HIDROLOGIA METEOROLOGIA Y ESTUDIOS AMBIENTALES,-73.88,5.09
16055110,GABRIEL M BARRIGA ,Meteorológica Especial,Convencional,Activa,Norte de Santander,Convención,"(8.41666667, -73.33333333)","1,32",15/01/1991,,Area Operativa 08 - Santanderes-Arauca,Cauca,Caribe,Catatumbo,Río Algodonal (Alto Catatumbo),FEDERACION NACIONAL DE CAFETEROS,-73.33333333,8.41666667
24055050,AGUAS BLANCAS ,Meteorológica Especial,Convencional,Activa,Santander,San Vicente De Chucurí,"(6.95, -73.43333333)",1,15/09/1977,,Area Operativa 08 - Santanderes-Arauca,Qda Santa Barbara,Magdalena Cauca,Sogamoso,Río Sogamoso,FEDERACION NACIONAL DE CAFETEROS,-73.43333333,6.95
26145070,PTE UMBRIA ,Meteorológica Especial,Convencional,Activa,RIsaralda,Belén De Umbría,"(5.25, -75.85)","1,28",15/07/1977,,Area Operativa 09 - Cauca-Valle-Caldas,Lag Cucunuba,Magdalena Cauca,Cauca,Río Risaralda,CENTRAL HIDROELECTRICA DE CALDAS S.A.,-75.85,5.25
35065030,PARQUE CARPANTA ,Meteorológica Especial,Convencional,Activa,Cundinamarca,Junín,"(4.8, -73.68333333)","2,5",15/10/1991,,Area Operativa 11 - Cundinamarca-Amazonas-San Andrés,Otun,Orinoco,Meta,Río Guavio,ESTACIONES PARTICULARES,-73.68333333,4.8
21206330,BARRANCAS ,Meteorológica Especial,Convencional,Activa,Cundinamarca,Suesca,"(5.16666667, -73.83333333)","2,72",15/12/1984,,Area Operativa 11 - Cundinamarca-Amazonas-San Andrés,Rio Cubillos,Magdalena Cauca,Alto Magdalena,Río Bogotá,CAR - CORPORACION AUTONOMA REGIONAL DE CUNDINAMARCA,-73.83333333,5.16666667
26095160,ALISAL ,Meteorológica Especial,Convencional,Activa,Valle del Cauca,El Cerrito,"(3.63333333, -76.3)",1,15/01/1964,,Area Operativa 09 - Cauca-Valle-Caldas,Cauca,Magdalena Cauca,Cauca,Ríos Amaime y Cerrito,ESTACIONES PARTICULARES,-76.3,3.63333333
26095170,PAZ LA ,Meteorológica Especial,Convencional,Activa,Valle del Cauca,El Cerrito,"(3.65, -76.26666667)","1,052",15/01/1964,,Area Operativa 09 - Cauca-Valle-Caldas,Amaime,Magdalena Cauca,Cauca,Ríos Amaime y Cerrito,ESTACIONES PARTICULARES,-76.26666667,3.65
26095150,AURORA ,Meteorológica Especial,Convencional,Activa,Valle del Cauca,El Cerrito,"(3.68333333, -76.28333333)","1,015",15/01/1964,,Area Operativa 09 - Cauca-Valle-Caldas,Anchicaya,Magdalena Cauca,Cauca,"Ríos Guabas,Sabaletas y Sonso",ESTACIONES PARTICULARES,-76.28333333,3.68333333
21206340,PARAISO PERDIDO ,Meteorológica Especial,Convencional,Activa,Cundinamarca,Sibaté,"(4.46666667, -74.36666667)","2,7",15/12/1987,,Area Operativa 11 - Cundinamarca-Amazonas-San Andrés,Rio Bajo Bogota,Magdalena Cauca,Alto Magdalena,Río Sumapaz,CAR - CORPORACION AUTONOMA REGIONAL DE CUNDINAMARCA,-74.36666667,4.46666667
22065050,LIMON EL ,Meteorológica Especial,Convencional,Activa,Tolima,Chaparral,"(3.71666667, -75.5)",1,15/01/1971,,Area Operativa 10 - Tolima,Recio,Magdalena Cauca,Saldaña,Río Amoyá,FEDERACION NACIONAL DE CAFETEROS,-75.5,3.71666667
26095010,SELVA LA ,Meteorológica Especial,Convencional,Activa,Valle del Cauca,Ginebra,"(3.75, -76.2)","1,8",15/05/1979,,Area Operativa 09 - Cauca-Valle-Caldas,Prado,Magdalena Cauca,Cauca,"Ríos Guabas,Sabaletas y Sonso",FEDERACION NACIONAL DE CAFETEROS,-76.2,3.75
26095200,MAGDALENA LA ,Meteorológica Especial,Convencional,Activa,Valle del Cauca,Buga,"(3.86666667, -76.18333333)","1,32",15/12/1968,,Area Operativa 09 - Cauca-Valle-Caldas,Aguamona,Magdalena Cauca,Cauca,Ríos Guadalajara y San Pedro,CVC - CORPORACION AUTONOMA REGIONAL DEL VALLE DEL CAUCA,-76.18333333,3.86666667
35095100,GUAQUIRA ,Meteorológica Especial,Convencional,Activa,Boyacá,Aquitania,"(5.46666667, -72.98333333)","3,25",15/11/1989,,Area Operativa 06 - Boyacá-Casanare-Vichada,Bugalagrande,Orinoco,Meta,Lago de Tota,CAR - CORPORACION AUTONOMA REGIONAL DE CUNDINAMARCA,-72.98333333,5.46666667
35095050,POTRERITO ,Meteorológica Especial,Convencional,Activa,Boyacá,Aquitania,"(5.48333333, -72.95)","3,225",15/12/1964,,Area Operativa 06 - Boyacá-Casanare-Vichada,Bugalagrande,Orinoco,Meta,Lago de Tota,CAR - CORPORACION AUTONOMA REGIONAL DE CUNDINAMARCA,-72.95,5.48333333
35095070,COLORADOS LOS ,Meteorológica Especial,Convencional,Activa,Boyacá,Aquitania,"(5.51666667, -72.86666667)","3,4",15/11/1989,,Area Operativa 06 - Boyacá-Casanare-Vichada,Siachoque,Orinoco,Meta,Lago de Tota,CAR - CORPORACION AUTONOMA REGIONAL DE CUNDINAMARCA,-72.86666667,5.51666667
35095060,TOTA ,Meteorológica Especial,Convencional,Activa,Boyacá,Tota,"(5.56666667, -72.98333333)","2,9",15/12/1977,,Area Operativa 06 - Boyacá-Casanare-Vichada,Samana Sur,Magdalena Cauca,Sogamoso,Río Chicamocha,CAR - CORPORACION AUTONOMA REGIONAL DE CUNDINAMARCA,-72.98333333,5.56666667
24015240,BOQUERON ,Meteorológica Especial,Convencional,Activa,Boyacá,Caldas (Boyacá),"(5.6, -73.9)","2,84",15/12/1967,,Area Operativa 06 - Boyacá-Casanare-Vichada,Las Cintas,Magdalena Cauca,Sogamoso,Río Suárez,CAR - CORPORACION AUTONOMA REGIONAL DE CUNDINAMARCA,-73.9,5.6
23055060,VERGEL EL ,Meteorológica Especial,Convencional,Activa,Caldas,Samaná,"(5.61666667, -74.95)",650,15/11/1979,,Area Operativa 10 - Tolima,Chiquinquira,Magdalena Cauca,Medio Magdalena,Río La Miel (Samaná),CENTRAL HIDROELECTRICA DE CALDAS S.A.,-74.95,5.61666667
21206360,TATAMBO ,Meteorológica Especial,Convencional,Activa,Cundinamarca,Ricaurte (Cundinamarca),"(4.3, -74.76666667)",380,15/04/1989,,Area Operativa 10 - Tolima,Cuja,Magdalena Cauca,Alto Magdalena,Río Bogotá,CAR - CORPORACION AUTONOMA REGIONAL DE CUNDINAMARCA,-74.76666667,4.3
35095080,VILLITAS LAS ,Meteorológica Especial,Convencional,Activa,Boyacá,Aquitania,"(5.61666667, -72.91666667)","3,15",15/12/1977,,Area Operativa 06 - Boyacá-Casanare-Vichada,Sutamarchan,Orinoco,Meta,Lago de Tota,CAR - CORPORACION AUTONOMA REGIONAL DE CUNDINAMARCA,-72.91666667,5.61666667
35095090,CINTAS LAS ,Meteorológica Especial,Convencional,Activa,Boyacá,Aquitania,"(5.61666667, -72.86666667)","3,45",15/10/1977,,Area Operativa 06 - Boyacá-Casanare-Vichada,Sutamarchan,Orinoco,Meta,Lago de Tota,CAR - CORPORACION AUTONOMA REGIONAL DE CUNDINAMARCA,-72.86666667,5.61666667
23055090,PTE LINDA ,Meteorológica Especial,Convencional,Activa,Caldas,Samaná,"(5.66666667, -75.05)",650,15/07/1977,,Area Operativa 10 - Tolima,Sirgua,Magdalena Cauca,Medio Magdalena,Río La Miel (Samaná),CENTRAL HIDROELECTRICA DE CALDAS S.A.,-75.05,5.66666667
21206320,FORTUNA LA ,Meteorológica Especial,Convencional,Activa,Cundinamarca,Villapinzón,"(5.28333333, -73.6)","2,88",15/03/1984,,Area Operativa 11 - Cundinamarca-Amazonas-San Andrés,Rio Suta,Magdalena Cauca,Alto Magdalena,Río Bogotá,CAR - CORPORACION AUTONOMA REGIONAL DE CUNDINAMARCA,-73.6,5.28333333
21165020,LUIS BUSTAMANTE ,Meteorológica Especial,Convencional,Activa,Tolima,Villarrica,"(3.93333333, -74.6)","1,61",15/01/1964,,Area Operativa 10 - Tolima,Aguaclara,Magdalena Cauca,Alto Magdalena,Río Prado,FEDERACION NACIONAL DE CAFETEROS,-74.6,3.93333333
26125090,SENA EL ,Meteorológica Especial,Convencional,Activa,Quindío,Armenia (Quindío),"(4.53333333, -75.66666667)","1,55",15/12/1961,,Area Operativa 09 - Cauca-Valle-Caldas,Los Micos,Magdalena Cauca,Cauca,Río La Vieja,FEDERACION NACIONAL DE CAFETEROS,-75.66666667,4.53333333
26115020,SABANAZO ,Meteorológica Especial,Convencional,Activa,Valle del Cauca,La Unión (Valle del cauca),"(4.56666667, -76.15)","1,643",15/06/1971,,Area Operativa 09 - Cauca-Valle-Caldas,Bogota,Pacifico,San Juán,Río Sipí,CVC - CORPORACION AUTONOMA REGIONAL DEL VALLE DEL CAUCA,-76.15,4.56666667
26155040,BUENOS AIRES ,Meteorológica Especial,Convencional,Activa,Caldas,Villamaria,"(4.88333333, -75.43333333)","3,35",15/09/1983,,Area Operativa 09 - Cauca-Valle-Caldas,Dosquebradas,Magdalena Cauca,Cauca,Río Chinchiná,CENTRAL HIDROELECTRICA DE CALDAS S.A.,-75.43333333,4.88333333
23055050,PENSILVANIA ,Meteorológica Especial,Convencional,Activa,Caldas,Pensilvania,"(5.38333333, -75.15)","1,975",15/07/1977,,Area Operativa 10 - Tolima,Bugalagrande,Magdalena Cauca,Medio Magdalena,Río La Miel (Samaná),CENTRAL HIDROELECTRICA DE CALDAS S.A.,-75.15,5.38333333
23055130,PENSILVANIA ,Meteorológica Especial,Convencional,Activa,Caldas,Pensilvania,"(5.38333333, -75.16666667)","2,1",15/03/1978,,Area Operativa 10 - Tolima,Bugalagrande,Magdalena Cauca,Medio Magdalena,Río La Miel (Samaná),CENTRAL HIDROELECTRICA DE CALDAS S.A.,-75.16666667,5.38333333
21206380,GUACA LA ,Meteorológica Especial,Convencional,Activa,Cundinamarca,El Colegio,"(4.58333333, -74.48333333)",620,15/11/1987,,Area Operativa 11 - Cundinamarca-Amazonas-San Andrés,Qda Golillas,Magdalena Cauca,Alto Magdalena,Río Bogotá,CAR - CORPORACION AUTONOMA REGIONAL DE CUNDINAMARCA,-74.48333333,4.58333333
23045010,TAMBOR EL ,Meteorológica Especial,Convencional,Activa,Caldas,Victoria,"(5.4, -74.9)",850,15/01/1988,,Area Operativa 10 - Tolima,La Laguna,Magdalena Cauca,Medio Magdalena,Directos Magdalena entre Ríos Guarinó y La Miel,FEDERACION NACIONAL DE CAFETEROS,-74.9,5.4
26075110,DIANA LA ,Meteorológica Especial,Convencional,Activa,Valle del Cauca,Florida,"(3.31402778, -76.18577778)","1,626",15/03/1971,,Area Operativa 09 - Cauca-Valle-Caldas,Orihueca,Magdalena Cauca,Cauca,Río Guachal (Bolo - Fraile y Párraga),CVC - CORPORACION AUTONOMA REGIONAL DEL VALLE DEL CAUCA,-76.18577778,3.31402778
26075090,CHAMBU ,Meteorológica Especial,Convencional,Activa,Valle del Cauca,Palmira,"(3.48333333, -76.21666667)","1,35",15/04/1973,,Area Operativa 09 - Cauca-Valle-Caldas,Cali,Magdalena Cauca,Cauca,Río Guachal (Bolo - Fraile y Párraga),CVC - CORPORACION AUTONOMA REGIONAL DEL VALLE DEL CAUCA,-76.21666667,3.48333333
21206370,VIOLETA LA ,Meteorológica Especial,Convencional,Activa,Cundinamarca,Agua De Dios,"(4.38333333, -74.7)",400,15/06/1989,,Area Operativa 10 - Tolima,Sumapaz,Magdalena Cauca,Alto Magdalena,Río Bogotá,CAR - CORPORACION AUTONOMA REGIONAL DE CUNDINAMARCA,-74.7,4.38333333
23055020,BUTANTAN ,Meteorológica Especial,Convencional,Activa,Caldas,Samaná,"(5.73333333, -74.73333333)","1,475",15/10/1981,,Area Operativa 10 - Tolima,Qda Ruicito,Magdalena Cauca,Medio Magdalena,Río La Miel (Samaná),CENTRAL HIDROELECTRICA DE CALDAS S.A.,-74.73333333,5.73333333
23055010,ARGELIA ,Meteorológica Especial,Convencional,Activa,Antioquia,Argelia (Antioquia),"(5.76666667, -75.16666667)","2,5",15/07/1977,,Area Operativa 01 - Antioquia-Chocó,Chicamocha,Magdalena Cauca,Medio Magdalena,Río Nare,CENTRAL HIDROELECTRICA DE CALDAS S.A.,-75.16666667,5.76666667
23055030,TENDIDOS ,Meteorológica Especial,Convencional,Activa,Caldas,Samaná,"(5.76666667, -74.93333333)","1,1",15/07/1981,,Area Operativa 10 - Tolima,Chicamocha,Magdalena Cauca,Medio Magdalena,Río La Miel (Samaná),CENTRAL HIDROELECTRICA DE CALDAS S.A.,-74.93333333,5.76666667
21206270,FRAY BARTOLOME ,Meteorológica Especial,Convencional,Activa,Bogotá,"Bogota, D.C","(4.7, -74.06666667)","2,578",15/04/1989,,Area Operativa 11 - Cundinamarca-Amazonas-San Andrés,San Juan,Magdalena Cauca,Alto Magdalena,Río Bogotá,ESTACIONES PARTICULARES,-74.06666667,4.7
26105220,ZARAGOZA ,Meteorológica Especial,Convencional,Activa,Valle del Cauca,Cartago,"(4.70125, -75.93011111)",937,15/01/1965,,Area Operativa 09 - Cauca-Valle-Caldas,Qda Santa Barbara,Magdalena Cauca,Cauca,Rios Las Cañas - Los Micos y Obando,CVC - CORPORACION AUTONOMA REGIONAL DEL VALLE DEL CAUCA,-75.93011111,4.70125
21155020,MONTANA LA ,Meteorológica Especial,Convencional,Activa,Tolima,Dolores,"(3.55, -74.9)","1,26",15/10/1954,,Area Operativa 10 - Tolima,Anchicaya,Magdalena Cauca,Alto Magdalena,Directos Magdalena entre ríos Cabrera y Sumapaz,FEDERACION NACIONAL DE CAFETEROS,-74.9,3.55
52035030,SAUCE EL ,Meteorológica Especial,Convencional,Activa,Nariño,La Unión (Nariño),"(1.61666667, -77.1)","1,8",15/01/1991,,Area Operativa 07 - Nariño-Putumayo,Ariguani,Pacifico,Patía,Río Mayo,FEDERACION NACIONAL DE CAFETEROS,-77.1,1.61666667
52035010,UNION LA ,Meteorológica Especial,Convencional,Suspendida,Nariño,La Unión (Nariño),"(1.61666667, -77.15)","1,8",15/02/1976,15/01/1991,Area Operativa 07 - Nariño-Putumayo,Ariguani,Pacifico,Patía,Río Mayo,FEDERACION NACIONAL DE CAFETEROS,-77.15,1.61666667
26055040,SAMARKANDA ,Meteorológica Especial,Convencional,Activa,Valle del Cauca,Jamundí,"(3.16666667, -76.7)","1,527",15/02/1979,,Area Operativa 09 - Cauca-Valle-Caldas,Paila,Magdalena Cauca,Cauca,Río Timba,CVC - CORPORACION AUTONOMA REGIONAL DEL VALLE DEL CAUCA,-76.7,3.16666667
26055080,SAN ANTONIO ,Meteorológica Especial,Convencional,Activa,Valle del Cauca,Jamundí,"(3.21666667, -76.66666667)","1,567",15/01/1970,,Area Operativa 09 - Cauca-Valle-Caldas,Guengue,Magdalena Cauca,Cauca,Ríos Claro y Jamundí,CVC - CORPORACION AUTONOMA REGIONAL DEL VALLE DEL CAUCA,-76.66666667,3.21666667
24055060,DIVISO EL ,Meteorológica Especial,Convencional,Suspendida,Santander,San Vicente De Chucurí,"(6.9, -73.66666667)","1,2",15/07/1975,15/01/1991,Area Operativa 08 - Santanderes-Arauca,Canal Pajarito,Magdalena Cauca,Medio Magdalena,Río Opón,FEDERACION NACIONAL DE CAFETEROS,-73.66666667,6.9
