codigo,nombre,categoria,tecnologia,estado,departamento,municipio,ubicacion,altitud,fecha_instalacion,fecha_suspension,area_operativa,corriente,area_hidrografica,zona_hidrografica,subzona_hidrografica,entidad,x,y
23195190,SAN ANTONIO SANTANDER,Climática Principal,Automática con Telemetría,Suspendida,Santander,Floridablanca,"(7.09952778, -73.06619444)","1,48",15/01/1991,15/01/1991,Area Operativa 08 - Santanderes-Arauca,Magdalena,Magdalena Cauca,Medio Magdalena,Río Lebrija y otros directos al Magdalena,INSTITUTO DE HIDROLOGIA METEOROLOGIA Y ESTUDIOS AMBIENTALES,-73.06619444,7.09952778
14015060,ISLAS DEL ROSARIO,Climática Principal,Convencional,Suspendida,Bolívar,Cartagena De Indias,"(10.18333333, -75.75)",3,15/12/1983,15/08/1996,Area Operativa 02 - Atlántico-Bolivar-Sucre,Cno Caribona,Caribe,Sinú,Bajo Sinú,INSTITUTO DE HIDROLOGIA METEOROLOGIA Y ESTUDIOS AMBIENTALES,-75.75,10.18333333
21015030,PARQUE ARQUEOLOGICO - AUT,Climática Principal,Automática con Telemetría,Activa,Huila,San Agustín,"(1.88847222, -76.29497222)","1,8",14/06/1971,,Area Operativa 04 - Huila-Caquetá,0,Magdalena Cauca,Alto Magdalena,Alto Magdalena,INSTITUTO DE HIDROLOGIA METEOROLOGIA Y ESTUDIOS AMBIENTALES,-76.29497222,1.88847222
15065040,LA PAULINA - AUT,Climática Principal,Automática con Telemetría,Activa,La Guajira,Fonseca,"(10.89813889, -72.82847222)",170,14/09/1966,,Area Operativa 05 - Magdalena-Cesar-Guajira,0,Caribe,Caribe - Guajira,Río Ranchería,INSTITUTO DE HIDROLOGIA METEOROLOGIA Y ESTUDIOS AMBIENTALES,-72.82847222,10.89813889
26155150,LAS BRISAS - AUT,Climática Principal,Automática con Telemetría,Activa,Caldas,Villamaria,"(4.93452778, -75.35038889)","4,133",14/10/1981,,Area Operativa 09 - Cauca-Valle-Caldas,0,Magdalena Cauca,Medio Magdalena,Río Gualí,INSTITUTO DE HIDROLOGIA METEOROLOGIA Y ESTUDIOS AMBIENTALES,-75.35038889,4.93452778
13015030,CAMPO BELLO,Climática Principal,Convencional,Suspendida,Córdoba,Tierralta,"(7.98333333, -76.23333333)",78,15/12/1996,31/03/2008,Area Operativa 02 - Atlántico-Bolivar-Sucre,Magdalena,Caribe,Sinú,Alto Sinú - Urrá,INSTITUTO DE HIDROLOGIA METEOROLOGIA Y ESTUDIOS AMBIENTALES,-76.23333333,7.98333333
26255040,CACAOTERAS DEL DIQ,Climática Principal,Convencional,Suspendida,Antioquia,Caucasia,"(7.98333333, -75.11666667)",55,15/08/1968,10/12/2008,Area Operativa 01 - Antioquia-Chocó,Cauca,Magdalena Cauca,Cauca,Directos al Cauca entre Pto Valdivia y Río Nechí,INSTITUTO DE HIDROLOGIA METEOROLOGIA Y ESTUDIOS AMBIENTALES,-75.11666667,7.98333333
35075040,INSTITUCION AGRICOLA MACANAL,Climática Principal,Convencional,Activa,Boyacá,Macanal,"(4.97436111, -73.31675)","1,3",15/07/1982,,Area Operativa 06 - Boyacá-Casanare-Vichada,Lagunilla,Orinoco,Meta,Río Garagoa,INSTITUTO DE HIDROLOGIA METEOROLOGIA Y ESTUDIOS AMBIENTALES,-73.31675,4.97436111
21206450,TERMOZIPA,Climática Principal,Convencional,Suspendida,Cundinamarca,Tocancipá,"(4.98333333, -73.93333333)","2,497",15/05/1992,15/01/1996,Area Operativa 11 - Cundinamarca-Amazonas-San Andrés,Lagunilla,Magdalena Cauca,Alto Magdalena,Río Bogotá,INSTITUTO DE HIDROLOGIA METEOROLOGIA Y ESTUDIOS AMBIENTALES,-73.93333333,4.98333333
25025330,COLEGIO AGROPECUARIO PAILITAS  - AUT,Climática Principal,Automática con Telemetría,Activa,Cesar,Pailitas,"(8.95422222, -73.63008333)",50,14/09/1987,,Area Operativa 05 - Magdalena-Cesar-Guajira,0,Magdalena Cauca,Cesar,Bajo Cesar,INSTITUTO DE HIDROLOGIA METEOROLOGIA Y ESTUDIOS AMBIENTALES,-73.63008333,8.95422222
24035150,BELENCITO,Climática Principal,Convencional,Activa,Boyacá,Nobsa,"(5.78158333, -72.89430556)","2,53",15/02/1967,,Area Operativa 06 - Boyacá-Casanare-Vichada,Chicamocha,Magdalena Cauca,Sogamoso,Río Chicamocha,INSTITUTO DE HIDROLOGIA METEOROLOGIA Y ESTUDIOS AMBIENTALES,-72.89430556,5.78158333
14015010,GALERAZAMBA  - AUT,Climática Principal,Automática con Telemetría,Activa,Bolívar,Santa Catalina,"(10.79416667, -75.26055556)",20,14/12/1945,,Area Operativa 02 - Atlántico-Bolivar-Sucre,0,Caribe,Caribe - Litoral,Arroyos Directos al Caribe,INSTITUTO DE HIDROLOGIA METEOROLOGIA Y ESTUDIOS AMBIENTALES,-75.26055556,10.79416667
29045100,BASE NAVAL,Climática Principal,Convencional,Suspendida,Atlantico,Barranquilla,"(11.0, -74.78333333)",5,15/06/1973,15/09/1992,Area Operativa 02 - Atlántico-Bolivar-Sucre,Ay Pozo Hondo,Magdalena Cauca,Bajo Magdalena,Directos al Bajo Magdalena entre Calamar y desembocadura,INSTITUTO DE HIDROLOGIA METEOROLOGIA Y ESTUDIOS AMBIENTALES,-74.78333333,11.0
16025030,SALAZAR,Climática Principal,Convencional,Activa,Norte de Santander,Salazar,"(7.77458333, -72.83055556)",860,15/03/1973,,Area Operativa 08 - Santanderes-Arauca,Carepa,Caribe,Catatumbo,Río Zulia,INSTITUTO DE HIDROLOGIA METEOROLOGIA Y ESTUDIOS AMBIENTALES,-72.83055556,7.77458333
29045120,FLORES LAS,Climática Principal,Convencional,Activa,Atlantico,Barranquilla,"(11.04, -74.82083333)",8,15/04/1971,,Area Operativa 02 - Atlántico-Bolivar-Sucre,Ay Cerrejon,Amazonas,Caguán,Río Caguan Bajo,INSTITUTO DE HIDROLOGIA METEOROLOGIA Y ESTUDIOS AMBIENTALES,-74.82083333,11.04
16025010,CARMEN DE TONCHALA,Climática Principal,Convencional,Activa,Norte de Santander,Cúcuta,"(7.84888889, -72.56611111)",285,15/10/1968,,Area Operativa 08 - Santanderes-Arauca,Zulia,Caribe,Catatumbo,Río Zulia,INSTITUTO DE HIDROLOGIA METEOROLOGIA Y ESTUDIOS AMBIENTALES,-72.56611111,7.84888889
15015060,SAN LORENZO  - AUT,Climática Principal,Automática con Telemetría,Activa,Magdalena,Santa Marta,"(11.11108333, -74.05469444)","2,2",14/01/1969,,Area Operativa 05 - Magdalena-Cesar-Guajira,0,Caribe,Caribe - Guajira,Río  Piedras - Río Manzanares,INSTITUTO DE HIDROLOGIA METEOROLOGIA Y ESTUDIOS AMBIENTALES,-74.05469444,11.11108333
13035010,PUERTO NUEVO,Climática Principal,Convencional,Suspendida,Córdoba,Tierralta,"(7.95, -76.28333333)",145,15/09/1965,15/12/1991,Area Operativa 02 - Atlántico-Bolivar-Sucre,El Zulia,Caribe,Sinú,Alto Sinú - Urrá,INSTITUTO DE HIDROLOGIA METEOROLOGIA Y ESTUDIOS AMBIENTALES,-76.28333333,7.95
23085220,SAN CARLOS,Climática Principal,Convencional,Activa,Antioquia,San Carlos (Antioquia),"(6.15766667, -75.03891667)","1,113",15/05/1983,,Area Operativa 01 - Antioquia-Chocó,Casanare,Magdalena Cauca,Medio Magdalena,Río Nare,INSTITUTO DE HIDROLOGIA METEOROLOGIA Y ESTUDIOS AMBIENTALES,-75.03891667,6.15766667
27015210,VIVERO EL,Climática Principal,Convencional,Suspendida,Antioquia,Guarne,"(6.28333333, -75.5)","2,4",15/07/1982,15/06/1996,Area Operativa 01 - Antioquia-Chocó,San Lope,Magdalena Cauca,Nechí,Río Porce,INSTITUTO DE HIDROLOGIA METEOROLOGIA Y ESTUDIOS AMBIENTALES,-75.5,6.28333333
24015300,VILLA DE LEIVA  - AUT,Climática Principal,Automática con Telemetría,Activa,Boyacá,Villa De Leiva,"(5.65583333, -73.54394444)","2,215",14/12/1979,,Area Operativa 06 - Boyacá-Casanare-Vichada,0,Magdalena Cauca,Sogamoso,Río Suárez,INSTITUTO DE HIDROLOGIA METEOROLOGIA Y ESTUDIOS AMBIENTALES,-73.54394444,5.65583333
23085210,VIOLETAS LAS,Climática Principal,Convencional,Suspendida,Antioquia,San Rafael,"(6.34888889, -75.00277778)",116,15/11/1982,30/09/2011,Area Operativa 01 - Antioquia-Chocó,Penderisco,Magdalena Cauca,Medio Magdalena,Río Nare,INSTITUTO DE HIDROLOGIA METEOROLOGIA Y ESTUDIOS AMBIENTALES,-75.00277778,6.34888889
23095010,AEROPUERTO PUERTO BERRIO,Climática Principal,Convencional,Suspendida,Antioquia,Puerto Berrío,"(6.465, -74.41222222)",150,15/04/1975,13/07/2018,Area Operativa 08 - Santanderes-Arauca,0,Magdalena Cauca,Medio Magdalena,Rió San Bartolo y otros directos al Magdalena Medio,INSTITUTO DE HIDROLOGIA METEOROLOGIA Y ESTUDIOS AMBIENTALES,-74.41222222,6.465
24025040,ESCUELA AGRICOLA MOGOTES,Climática Principal,Convencional,Activa,Santander,Mogotes,"(6.47, -72.96888889)","1,673",15/11/1973,,Area Operativa 08 - Santanderes-Arauca,Nevado,Magdalena Cauca,Sogamoso,Río Fonce,INSTITUTO DE HIDROLOGIA METEOROLOGIA Y ESTUDIOS AMBIENTALES,-72.96888889,6.47
23085080,GRANJA EXPERIOMENTAL EL NUS  - AUT,Climática Principal,Automática con Telemetría,Activa,Antioquia,San Roque,"(6.48358333, -74.83669444)",859,14/05/1972,,Area Operativa 01 - Antioquia-Chocó,0,Magdalena Cauca,Medio Magdalena,Río Nare,INSTITUTO DE HIDROLOGIA METEOROLOGIA Y ESTUDIOS AMBIENTALES,-74.83669444,6.48358333
23105020,AMPARO EL,Climática Principal,Convencional,Suspendida,Antioquia,Yondó (Casabe),"(6.73333333, -74.4)",150,15/09/1984,15/08/1992,Area Operativa 08 - Santanderes-Arauca,Regla,Magdalena Cauca,Medio Magdalena,Rió San Bartolo y otros directos al Magdalena Medio,INSTITUTO DE HIDROLOGIA METEOROLOGIA Y ESTUDIOS AMBIENTALES,-74.4,6.73333333
36015010,PAZ DE ARIPORO,Climática Principal,Convencional,Activa,Casanare,Paz De Ariporo,"(5.87852778, -71.88719444)",342,15/09/1995,,Area Operativa 06 - Boyacá-Casanare-Vichada,Moniquira,Orinoco,Casanare,Río Ariporo,INSTITUTO DE HIDROLOGIA METEOROLOGIA Y ESTUDIOS AMBIENTALES,-71.88719444,5.87852778
24035350,ANDALUCIA,Climática Principal,Convencional,Activa,Boyacá,Duitama,"(5.90113889, -73.05833333)","3,265",15/09/1996,,Area Operativa 06 - Boyacá-Casanare-Vichada,Magdalena,Magdalena Cauca,Sogamoso,Río Chicamocha,INSTITUTO DE HIDROLOGIA METEOROLOGIA Y ESTUDIOS AMBIENTALES,-73.05833333,5.90113889
24025030,LA SIERRA - AUT,Climática Principal,Automática con Telemetría,Activa,Boyacá,Paipa,"(5.96638889, -73.16389139)","2,7",14/02/1967,,Area Operativa 06 - Boyacá-Casanare-Vichada,0,Magdalena Cauca,Sogamoso,Río Suárez,INSTITUTO DE HIDROLOGIA METEOROLOGIA Y ESTUDIOS AMBIENTALES,-73.16389139,5.96638889
26205070,PLATA LA,Climática Principal,Convencional,Suspendida,Antioquia,Venecia (Antioquia),"(5.98333333, -75.81666667)",750,15/11/1982,15/04/1995,Area Operativa 01 - Antioquia-Chocó,Santo Domingo,Magdalena Cauca,Cauca,Directos Río Cauca  entre Río San Juan y  Pto Valdivia,INSTITUTO DE HIDROLOGIA METEOROLOGIA Y ESTUDIOS AMBIENTALES,-75.81666667,5.98333333
34015010,LAS GAVIOTAS,Climática Principal,Convencional,Activa,Vichada,Cumaribo,"(4.55394444, -70.93011111)",171,14/08/1967,,Area Operativa 03 - Meta-Guaviare-Guainía,0,Orinoco,Tomo,Alto Río Tomo,INSTITUTO DE HIDROLOGIA METEOROLOGIA Y ESTUDIOS AMBIENTALES,-70.93011111,4.55394444
26155120,AEROPUERTO SANTAGUEDA,Climática Principal,Convencional,Suspendida,Caldas,Palestina (Caldas),"(5.08333333, -75.68333333)",933,15/01/1949,15/01/1990,Area Operativa 09 - Cauca-Valle-Caldas,Lengupa,Magdalena Cauca,Cauca,Río Chinchiná,INSTITUTO DE HIDROLOGIA METEOROLOGIA Y ESTUDIOS AMBIENTALES,-75.68333333,5.08333333
53115020,COLPUERTOS,Climática Principal,Convencional,Suspendida,Valle del Cauca,Buenaventura,"(3.88333333, -77.06666667)",10,15/04/1969,15/03/2002,Area Operativa 09 - Cauca-Valle-Caldas,Inirida,Pacifico,Tapaje - Dagua - Directos,Dagua - Buenaventura - Bahia Málaga,INSTITUTO DE HIDROLOGIA METEOROLOGIA Y ESTUDIOS AMBIENTALES,-77.06666667,3.88333333
35095020,DON ANTONIO CAMELI,Climática Principal,Convencional,Suspendida,Casanare,Sabanalarga (Casanare),"(4.68333333, -73.03333333)",300,15/10/1968,15/05/1993,Area Operativa 03 - Meta-Guaviare-Guainía,San Juan,Orinoco,Meta,Río Upía,INSTITUTO DE HIDROLOGIA METEOROLOGIA Y ESTUDIOS AMBIENTALES,-73.03333333,4.68333333
21105050,ROSALES LOS,Climática Principal,Convencional,Activa,Huila,Campoalegre,"(2.60305556, -75.41833333)",553,15/12/1973,,Area Operativa 04 - Huila-Caquetá,Guayabero,Magdalena Cauca,Alto Magdalena,Rio Neiva,INSTITUTO DE HIDROLOGIA METEOROLOGIA Y ESTUDIOS AMBIENTALES,-75.41833333,2.60305556
22065040,SAN ANTONIO QUINTA,Climática Principal,Convencional,Activa,Tolima,San Antonio,"(3.90691667, -75.48808333)","1,448",15/12/1971,,Area Operativa 10 - Tolima,Guayabero,Magdalena Cauca,Saldaña,"Río Tetuán, Río Ortega",INSTITUTO DE HIDROLOGIA METEOROLOGIA Y ESTUDIOS AMBIENTALES,-75.48808333,3.90691667
32105010,PUERTO ARTURO,Climática Principal,Convencional,Suspendida,Guaviare,San José Del Guaviare,"(2.58333333, -72.78333333)",210,15/10/1985,15/08/1993,Area Operativa 03 - Meta-Guaviare-Guainía,Guayabero,Orinoco,Guaviare,Alto Guaviare,INSTITUTO DE HIDROLOGIA METEOROLOGIA Y ESTUDIOS AMBIENTALES,-72.78333333,2.58333333
21206550,SENA MOSQUERA,Climática Principal,Convencional,Suspendida,Cundinamarca,Mosquera (Cundinamarca),"(4.7, -74.21666667)","2,543",15/01/1998,31/03/2008,Area Operativa 11 - Cundinamarca-Amazonas-San Andrés,Cravo Sur,Magdalena Cauca,Alto Magdalena,Río Bogotá,INSTITUTO DE HIDROLOGIA METEOROLOGIA Y ESTUDIOS AMBIENTALES,-74.21666667,4.7
21205520,ELDORADO DIDACTICA,Climática Principal,Convencional,Suspendida,Bogotá,"Bogota, D.C","(4.7, -74.15)","2,546",15/01/1959,15/03/2000,Area Operativa 11 - Cundinamarca-Amazonas-San Andrés,Cravo Sur,Magdalena Cauca,Alto Magdalena,Río Bogotá,INSTITUTO DE HIDROLOGIA METEOROLOGIA Y ESTUDIOS AMBIENTALES,-74.15,4.7
21185030,GUAMO,Climática Principal,Convencional,Activa,Tolima,Guamo,"(4.00883333, -74.98138889)",332,15/12/1953,,Area Operativa 10 - Tolima,0,Magdalena Cauca,Saldaña,Bajo Saldaña,INSTITUTO DE HIDROLOGIA METEOROLOGIA Y ESTUDIOS AMBIENTALES,-74.98138889,4.00883333
21095020,HIDROBETANIA,Climática Principal,Convencional,Suspendida,Huila,Campoalegre,"(2.71344444, -75.42491667)",500,15/03/1990,15/08/2003,Area Operativa 04 - Huila-Caquetá,Iquira,Magdalena Cauca,Alto Magdalena,Ríos directos Magdalena (md),INSTITUTO DE HIDROLOGIA METEOROLOGIA Y ESTUDIOS AMBIENTALES,-75.42491667,2.71344444
21105060,HIDROBETANIA,Climática Principal,Convencional,Suspendida,Huila,Campoalegre,"(2.71344444, -75.42491667)",500,15/03/1990,28/08/2014,Area Operativa 04 - Huila-Caquetá,Iquira,Magdalena Cauca,Alto Magdalena,Ríos directos Magdalena (md),INSTITUTO DE HIDROLOGIA METEOROLOGIA Y ESTUDIOS AMBIENTALES,-75.42491667,2.71344444
35035070,UNILLANOS,Climática Principal,Convencional,Activa,Meta,Villavicencio,"(4.07672222, -73.582)",340,15/10/1983,,Area Operativa 03 - Meta-Guaviare-Guainía,Guayuriba,Orinoco,Meta,Río Negro,INSTITUTO DE HIDROLOGIA METEOROLOGIA Y ESTUDIOS AMBIENTALES,-73.582,4.07672222
24015290,GACHANECA,Climática Principal,Convencional,Suspendida,Boyacá,Samacá,"(5.43333333, -73.55)","3,4",15/07/1979,15/04/1994,Area Operativa 06 - Boyacá-Casanare-Vichada,Recio,Magdalena Cauca,Sogamoso,Río Suárez,INSTITUTO DE HIDROLOGIA METEOROLOGIA Y ESTUDIOS AMBIENTALES,-73.55,5.43333333
21185040,AEROPUERTO SANTIAGO VILA,Climática Principal,Convencional,Activa,Tolima,Flandes,"(4.27544444, -74.798)",305,15/01/1951,,Area Operativa 10 - Tolima,0,Magdalena Cauca,Alto Magdalena,Río Luisa y otros directos al Magdalena,INSTITUTO DE HIDROLOGIA METEOROLOGIA Y ESTUDIOS AMBIENTALES,-74.798,4.27544444
21255140,QUINTA LA,Climática Principal,Convencional,Activa,Tolima,Lérida,"(4.8215, -74.92063889)",429,15/02/1983,,Area Operativa 10 - Tolima,Claro,Magdalena Cauca,Alto Magdalena,Río Lagunilla y Otros Directos al Magdalena,INSTITUTO DE HIDROLOGIA METEOROLOGIA Y ESTUDIOS AMBIENTALES,-74.92063889,4.8215
21195120,ITA VALSALICE  - AUT,Climática Principal,Automática con Telemetría,Activa,Cundinamarca,Silvania,"(4.39577778, -74.39613889)","1,46",14/02/1989,,Area Operativa 11 - Cundinamarca-Amazonas-San Andrés,0,Magdalena Cauca,Alto Magdalena,Río Sumapaz,INSTITUTO DE HIDROLOGIA METEOROLOGIA Y ESTUDIOS AMBIENTALES,-74.39613889,4.39577778
24015120,ISLA DEL SANTUARIO,Climática Principal,Convencional,Activa,Cundinamarca,Fúquene,"(5.46727778, -73.73480556)","2,58",15/05/1942,,Area Operativa 11 - Cundinamarca-Amazonas-San Andrés,Gachaneca,Magdalena Cauca,Sogamoso,Río Suárez,INSTITUTO DE HIDROLOGIA METEOROLOGIA Y ESTUDIOS AMBIENTALES,-73.73480556,5.46727778
26175030,NACIONAL GRANJA LA,Climática Principal,Convencional,Activa,Antioquia,Támesis,"(5.71733333, -75.69091667)","1,153",15/07/1977,,Area Operativa 01 - Antioquia-Chocó,Mongui,Magdalena Cauca,Cauca,Río Frío y Otros Directos al Cauca,INSTITUTO DE HIDROLOGIA METEOROLOGIA Y ESTUDIOS AMBIENTALES,-75.69091667,5.71733333
21206050,ESCUELA COL INGENIERIA,Climática Principal,Convencional,Suspendida,Bogotá,"Bogota, D.C","(4.78333333, -74.05)","2,65",15/04/1986,10/12/2008,Area Operativa 11 - Cundinamarca-Amazonas-San Andrés,Tuamo,Magdalena Cauca,Alto Magdalena,Río Bogotá,INSTITUTO DE HIDROLOGIA METEOROLOGIA Y ESTUDIOS AMBIENTALES,-74.05,4.78333333
21255080,SALTO EL,Climática Principal,Convencional,Activa,Tolima,Ambalema,"(4.78375, -74.76794444)","1,139",15/11/1968,,Area Operativa 10 - Tolima,Guavio,Magdalena Cauca,Alto Magdalena,Río Coello,INSTITUTO DE HIDROLOGIA METEOROLOGIA Y ESTUDIOS AMBIENTALES,-74.76794444,4.78375
24015220,VILLA CARMEN,Climática Principal,Convencional,Activa,Boyacá,Samacá,"(5.50938889, -73.49577778)","2,6",15/02/1968,,Area Operativa 06 - Boyacá-Casanare-Vichada,Cusiana,Magdalena Cauca,Sogamoso,Río Suárez,INSTITUTO DE HIDROLOGIA METEOROLOGIA Y ESTUDIOS AMBIENTALES,-73.49577778,5.50938889
23125100,BUENAVISTA,Climática Principal,Convencional,Activa,Boyacá,Buenavista (Boyacá),"(5.51491667, -73.94311111)","2,2",14/11/1993,,Area Operativa 06 - Boyacá-Casanare-Vichada,0,Magdalena Cauca,Medio Magdalena,Río Carare (Minero),INSTITUTO DE HIDROLOGIA METEOROLOGIA Y ESTUDIOS AMBIENTALES,-73.94311111,5.51491667
22025010,AEROPUERTO PLANADAS,Climática Principal,Convencional,Suspendida,Tolima,Planadas,"(3.16666667, -75.66666667)","1,355",15/10/1964,15/07/2004,Area Operativa 10 - Tolima,Ata,Magdalena Cauca,Saldaña,Río Atá,INSTITUTO DE HIDROLOGIA METEOROLOGIA Y ESTUDIOS AMBIENTALES,-75.66666667,3.16666667
24035130,U P T C,Climática Principal,Convencional,Activa,Boyacá,Tunja,"(5.5430775, -73.36081306)","2,69",15/02/1962,,Area Operativa 06 - Boyacá-Casanare-Vichada,Meta,Magdalena Cauca,Sogamoso,Río Chicamocha,INSTITUTO DE HIDROLOGIA METEOROLOGIA Y ESTUDIOS AMBIENTALES,-73.36081306,5.5430775
24035340,AEROPUERTO A LLERAS C,Climática Principal,Convencional,Activa,Boyacá,Sogamoso,"(5.67694444, -72.96791667)","2,5",15/01/1974,,Area Operativa 06 - Boyacá-Casanare-Vichada,Pauto,Magdalena Cauca,Sogamoso,Río Chicamocha,INSTITUTO DE HIDROLOGIA METEOROLOGIA Y ESTUDIOS AMBIENTALES,-72.96791667,5.67694444
24035090,HIMAT R 4,Climática Principal,Convencional,Suspendida,Boyacá,Duitama,"(5.78333333, -73.05)","2,5",15/07/1994,15/08/1996,Area Operativa 06 - Boyacá-Casanare-Vichada,Chicamocha,Magdalena Cauca,Sogamoso,Río Chicamocha,INSTITUTO DE HIDROLOGIA METEOROLOGIA Y ESTUDIOS AMBIENTALES,-73.05,5.78333333
21206510,CASD,Climática Principal,Convencional,Suspendida,Bogotá,"Bogota, D.C","(4.6, -74.08333333)","2,6",15/12/1995,15/08/2002,Area Operativa 11 - Cundinamarca-Amazonas-San Andrés,Quebrada Perlas,Magdalena Cauca,Alto Magdalena,Río Bogotá,INSTITUTO DE HIDROLOGIA METEOROLOGIA Y ESTUDIOS AMBIENTALES,-74.08333333,4.6
54025020,AEROPUERTO CONDOTO,Climática Principal,Convencional,Suspendida,Chocó,Condoto,"(5.0735, -76.67666667)",65,15/04/1971,31/03/2008,Area Operativa 09 - Cauca-Valle-Caldas,Garagoa,Pacifico,San Juán,Río Tamaná y otros Directos San Juan,INSTITUTO DE HIDROLOGIA METEOROLOGIA Y ESTUDIOS AMBIENTALES,-76.67666667,5.0735
21205230,OBS MET NACIONAL,Climática Principal,Convencional,Suspendida,Bogotá,"Bogota, D.C","(4.63333333, -74.1)","2,556",15/03/1941,15/11/1993,Area Operativa 11 - Cundinamarca-Amazonas-San Andrés,Cauca,Magdalena Cauca,Alto Magdalena,Río Bogotá,INSTITUTO DE HIDROLOGIA METEOROLOGIA Y ESTUDIOS AMBIENTALES,-74.1,4.63333333
35095110,HUERTA LA GRANDE,Climática Principal,Convencional,Activa,Casanare,Villanueva (Casanare),"(4.65508333, -72.91733333)",255,15/09/1994,,Area Operativa 03 - Meta-Guaviare-Guainía,Seco,Orinoco,Meta,Río Túa y otros directos al Meta,INSTITUTO DE HIDROLOGIA METEOROLOGIA Y ESTUDIOS AMBIENTALES,-72.91733333,4.65508333
35075020,SUTATENZA,Climática Principal,Convencional,Activa,Boyacá,Sutatenza,"(5.02227778, -73.44916667)","1,93",15/01/1969,,Area Operativa 06 - Boyacá-Casanare-Vichada,Sabandija,Orinoco,Meta,Río Garagoa,INSTITUTO DE HIDROLOGIA METEOROLOGIA Y ESTUDIOS AMBIENTALES,-73.44916667,5.02227778
21135030,ANCHIQUE,Climática Principal,Convencional,Activa,Tolima,Natagaima,"(3.57383333, -75.109)",415,15/12/1963,,Area Operativa 04 - Huila-Caquetá,Guaviare,Magdalena Cauca,Alto Magdalena,"Río Aipe, Río Chenche y otros directos al Magdalena",INSTITUTO DE HIDROLOGIA METEOROLOGIA Y ESTUDIOS AMBIENTALES,-75.109,3.57383333
21206160,HIDROPARAISO,Climática Principal,Convencional,Suspendida,Cundinamarca,El Colegio,"(4.57316667, -74.40483333)","1,6",15/04/1984,15/12/1998,Area Operativa 11 - Cundinamarca-Amazonas-San Andrés,Meta,Magdalena Cauca,Alto Magdalena,Río Bogotá,INSTITUTO DE HIDROLOGIA METEOROLOGIA Y ESTUDIOS AMBIENTALES,-74.40483333,4.57316667
26075100,GRANJA EXP HOESCHST,Climática Principal,Convencional,Suspendida,Valle del Cauca,Palmira,"(3.63333333, -76.43333333)",950,15/06/1990,15/10/2002,Area Operativa 09 - Cauca-Valle-Caldas,Guaviare,Magdalena Cauca,Cauca,Ríos Amaime y Cerrito,INSTITUTO DE HIDROLOGIA METEOROLOGIA Y ESTUDIOS AMBIENTALES,-76.43333333,3.63333333
26115040,CENT ADMO LA UNION,Climática Principal,Convencional,Activa,Valle del Cauca,La Unión (Valle del cauca),"(4.53122222, -76.06216667)",934,15/02/1967,,Area Operativa 09 - Cauca-Valle-Caldas,Las Palmas,Magdalena Cauca,Cauca,Rios Pescador - RUT - Chanco - Catarina y Cañaveral,INSTITUTO DE HIDROLOGIA METEOROLOGIA Y ESTUDIOS AMBIENTALES,-76.06216667,4.53122222
32035010,LA MACARENA,Climática Principal,Convencional,Activa,Meta,La Macarena,"(2.17611111, -73.79333333)",248,14/10/1967,,Area Operativa 03 - Meta-Guaviare-Guainía,0,Orinoco,Guaviare,Alto Guaviare,INSTITUTO DE HIDROLOGIA METEOROLOGIA Y ESTUDIOS AMBIENTALES,-73.79333333,2.17611111
44135010,ARARACUARA,Climática Principal,Convencional,Activa,Caquetá,Solano,"(-0.61636111, -72.38191667)",150,15/03/1979,,Area Operativa 04 - Huila-Caquetá,Caqueta,Amazonas,Caquetá,Río Caqueta Bajo,INSTITUTO DE HIDROLOGIA METEOROLOGIA Y ESTUDIOS AMBIENTALES,-72.38191667,-0.61636111
44055010,TRES ESQUINAS,Climática Principal,Convencional,Activa,Caquetá,Solano,"(0.7375, -75.23611111)",219,14/04/1971,,Area Operativa 11 - Cundinamarca-Amazonas-San Andrés,0,Amazonas,Caquetá,Río Orteguaza,INSTITUTO DE HIDROLOGIA METEOROLOGIA Y ESTUDIOS AMBIENTALES,-75.23611111,0.7375
15085010,AEROPUERTO MAICAO,Climática Principal,Convencional,Suspendida,La Guajira,Maicao,"(11.4, -72.25)",53,15/06/1971,15/06/1996,Area Operativa 05 - Magdalena-Cesar-Guajira,Carraipia,Caribe,Caribe - Guajira,"Río Carraipia - Paraguachon, Directos al Golfo Maracaibo",INSTITUTO DE HIDROLOGIA METEOROLOGIA Y ESTUDIOS AMBIENTALES,-72.25,11.4
25025100,AEROPUERTO BARACOA,Climática Principal,Convencional,Activa,Bolívar,Magangué,"(9.28194444, -74.84527778)",18,15/01/1954,,Area Operativa 02 - Atlántico-Bolivar-Sucre,Lago La Pastora,Magdalena Cauca,Bajo Magdalena- Cauca -San Jorge,Bajo San Jorge - La Mojana,INSTITUTO DE HIDROLOGIA METEOROLOGIA Y ESTUDIOS AMBIENTALES,-74.84527778,9.28194444
13085010,DOCTRINA LA,Climática Principal,Convencional,Activa,Córdoba,Lorica,"(9.29722222, -75.89277778)",20,15/01/1968,,Area Operativa 02 - Atlántico-Bolivar-Sucre,Lago La Pastora,Caribe,Sinú,Bajo Sinú,INSTITUTO DE HIDROLOGIA METEOROLOGIA Y ESTUDIOS AMBIENTALES,-75.89277778,9.29722222
15075030,MANAURE,Climática Principal,Convencional,Activa,La Guajira,Manaure,"(11.78105556, -72.4635)",1,15/01/1940,,Area Operativa 05 - Magdalena-Cesar-Guajira,Cno Cicuco,Caribe,Caribe - Guajira,Directos Caribe - Ay.Sharimahana Alta Guajira,INSTITUTO DE HIDROLOGIA METEOROLOGIA Y ESTUDIOS AMBIENTALES,-72.4635,11.78105556
15085020,NAZARETH,Climática Principal,Convencional,Activa,La Guajira,Uribia,"(12.17888889, -71.28388889)",85,15/07/1971,,Area Operativa 05 - Magdalena-Cesar-Guajira,Ay Nazareth,Caribe,Caribe - Guajira,"Río Carraipia - Paraguachon, Directos al Golfo Maracaibo",INSTITUTO DE HIDROLOGIA METEOROLOGIA Y ESTUDIOS AMBIENTALES,-71.28388889,12.17888889
28025080,SOCOMBA,Climática Principal,Convencional,Suspendida,Cesar,Becerrill,"(9.68666667, -73.24055556)",170,14/12/1976,02/07/2019,Area Operativa 05 - Magdalena-Cesar-Guajira,0,Magdalena Cauca,Cesar,Medio Cesar,INSTITUTO DE HIDROLOGIA METEOROLOGIA Y ESTUDIOS AMBIENTALES,-73.24055556,9.68666667
13095020,PRIMATES,Climática Principal,Convencional,Activa,Sucre,Colosó,"(9.53013889, -75.35136111)",200,15/12/1984,,Area Operativa 02 - Atlántico-Bolivar-Sucre,Ay Pechelin,Caribe,Caribe - Litoral,Directos Caribe Golfo de Morrosquillo,INSTITUTO DE HIDROLOGIA METEOROLOGIA Y ESTUDIOS AMBIENTALES,-75.35136111,9.53013889
28045040,GUAIRA LA HACIENDA,Climática Principal,Convencional,Suspendida,Cesar,El Paso,"(9.61666667, -73.8)",50,15/09/1987,15/07/1994,Area Operativa 05 - Magdalena-Cesar-Guajira,Lago La Divisa,Magdalena Cauca,Cesar,Río Ariguaní,INSTITUTO DE HIDROLOGIA METEOROLOGIA Y ESTUDIOS AMBIENTALES,-73.8,9.61666667
16055040,ABREGO CENTRO ADMO,Climática Principal,Convencional,Activa,Norte de Santander,Ábrego,"(8.08722222, -73.22305556)","1,43",15/07/1969,,Area Operativa 08 - Santanderes-Arauca,Canal Zulia,Caribe,Catatumbo,Río Algodonal (Alto Catatumbo),INSTITUTO DE HIDROLOGIA METEOROLOGIA Y ESTUDIOS AMBIENTALES,-73.22305556,8.08722222
25025020,MONTERREY FORESTAL,Climática Principal,Convencional,Activa,Bolívar,Zambrano,"(9.73166667, -74.83805556)",25,15/01/1987,,Area Operativa 02 - Atlántico-Bolivar-Sucre,Maracas,Magdalena Cauca,Bajo Magdalena- Cauca -San Jorge,Bajo San Jorge - La Mojana,INSTITUTO DE HIDROLOGIA METEOROLOGIA Y ESTUDIOS AMBIENTALES,-74.83805556,9.73166667
14015030,ESCUELA NAVAL CIOH,Climática Principal,Convencional,Activa,Bolívar,Cartagena De Indias,"(10.44722222, -75.51611111)",1,15/03/1947,,Area Operativa 02 - Atlántico-Bolivar-Sucre,Ariguani,Caribe,Caribe - Litoral,Arroyos Directos al Caribe,INSTITUTO DE HIDROLOGIA METEOROLOGIA Y ESTUDIOS AMBIENTALES,-75.51611111,10.44722222
29035080,NORMAL MANATI  - AUT,Climática Principal,Automática con Telemetría,Activa,Atlantico,Manatí,"(10.45358333, -74.95463889)",10,14/10/1963,,Area Operativa 02 - Atlántico-Bolivar-Sucre,0,Magdalena Cauca,Bajo Magdalena,Canal del Dique margen derecho,INSTITUTO DE HIDROLOGIA METEOROLOGIA Y ESTUDIOS AMBIENTALES,-74.95463889,10.45358333
16025040,CINERA-VILLA OLGA,Climática Principal,Convencional,Activa,Norte de Santander,Cúcuta,"(8.16777778, -72.46861111)",100,15/09/1965,,Area Operativa 08 - Santanderes-Arauca,Canal Floresta,Caribe,Catatumbo,Río Zulia,INSTITUTO DE HIDROLOGIA METEOROLOGIA Y ESTUDIOS AMBIENTALES,-72.46861111,8.16777778
37015020,BERLIN,Climática Principal,Convencional,Activa,Santander,Tona,"(7.18694444, -72.86861111)","3,214",15/05/1968,,Area Operativa 08 - Santanderes-Arauca,Jordan,Orinoco,Arauca,Río Chítaga,INSTITUTO DE HIDROLOGIA METEOROLOGIA Y ESTUDIOS AMBIENTALES,-72.86861111,7.18694444
16015090,TAMA PARQUE NAL,Climática Principal,Convencional,Activa,Norte de Santander,Herrán,"(7.42444444, -72.44211111)","2,5",15/04/1989,,Area Operativa 08 - Santanderes-Arauca,Tachira,Caribe,Catatumbo,Río Pamplonita,INSTITUTO DE HIDROLOGIA METEOROLOGIA Y ESTUDIOS AMBIENTALES,-72.44211111,7.42444444
23185010,VILLA LEIVA,Climática Principal,Convencional,Activa,Santander,Sabana De Torres,"(7.45611111, -73.53722222)",328,15/01/1966,,Area Operativa 08 - Santanderes-Arauca,Atrato,Magdalena Cauca,Medio Magdalena,Río Lebrija y otros directos al Magdalena,INSTITUTO DE HIDROLOGIA METEOROLOGIA Y ESTUDIOS AMBIENTALES,-73.53722222,7.45611111
25025040,AEROPUERTO LA FLORIDA,Climática Principal,Convencional,Suspendida,Sucre,San Marcos,"(8.7, -75.18333333)",30,15/01/1932,15/04/1992,Area Operativa 02 - Atlántico-Bolivar-Sucre,Catatumbo,Magdalena Cauca,Bajo Magdalena- Cauca -San Jorge,Bajo San Jorge - La Mojana,INSTITUTO DE HIDROLOGIA METEOROLOGIA Y ESTUDIOS AMBIENTALES,-75.18333333,8.7
24065030,TRIGUEROS HACIENDA,Climática Principal,Convencional,Suspendida,Santander,Girón,"(7.07666667, -73.35805556)",400,15/03/1996,28/08/2014,Area Operativa 08 - Santanderes-Arauca,Arauca,Magdalena Cauca,Sogamoso,Río Sogamoso,INSTITUTO DE HIDROLOGIA METEOROLOGIA Y ESTUDIOS AMBIENTALES,-73.35805556,7.07666667
29035040,NUEVA FLORIDA,Climática Principal,Convencional,Activa,Bolívar,María La Baja,"(9.94416667, -75.35138889)",13,15/01/1963,,Area Operativa 02 - Atlántico-Bolivar-Sucre,Canal Principal,Magdalena Cauca,Bajo Magdalena,Canal del Dique margen izquierda,INSTITUTO DE HIDROLOGIA METEOROLOGIA Y ESTUDIOS AMBIENTALES,-75.35138889,9.94416667
12045010,ARBOLETES,Climática Principal,Convencional,Activa,Antioquia,Arboletes,"(8.84694444, -76.43194444)",4,15/03/1972,,Area Operativa 02 - Atlántico-Bolivar-Sucre,Magdalena,Caribe,Caribe - Litoral,Rio Canalete y otros Arroyos Directos al Caribe,INSTITUTO DE HIDROLOGIA METEOROLOGIA Y ESTUDIOS AMBIENTALES,-76.43194444,8.84694444
16055010,AEROPUERTO AGUAS CLARAS,Climática Principal,Convencional,Activa,Norte de Santander,Ocaña,"(8.31527778, -73.3575)","1,435",15/03/1973,,Area Operativa 08 - Santanderes-Arauca,San Jorge,Caribe,Catatumbo,Río Algodonal (Alto Catatumbo),INSTITUTO DE HIDROLOGIA METEOROLOGIA Y ESTUDIOS AMBIENTALES,-73.3575,8.31527778
21255090,ARMERO GRANJA,Climática Principal,Convencional,Activa,Tolima,Armero (Guayabal),"(5.0, -74.89999167)",321,14/10/1986,,Area Operativa 10 - Tolima,0,Magdalena Cauca,Alto Magdalena,Río Lagunilla y Otros Directos al Magdalena,INSTITUTO DE HIDROLOGIA METEOROLOGIA Y ESTUDIOS AMBIENTALES,-74.89999167,5.0
23190130,TONA  - AUT,Climática Principal,Automática con Telemetría,Activa,Santander,Tona,"(7.19611111, -72.97055556)","1,91",14/05/1958,,Area Operativa 08 - Santanderes-Arauca,0,Magdalena Cauca,Medio Magdalena,Río Lebrija y otros directos al Magdalena,INSTITUTO DE HIDROLOGIA METEOROLOGIA Y ESTUDIOS AMBIENTALES,-72.97055556,7.19611111
16040050,LA MARIA - AUT,Climática Principal,Automática con Telemetría,Activa,Norte de Santander,Ábrego,"(7.93444444, -73.21166667)","1,8",14/02/1985,,Area Operativa 08 - Santanderes-Arauca,0,Caribe,Catatumbo,Río Algodonal (Alto Catatumbo),INSTITUTO DE HIDROLOGIA METEOROLOGIA Y ESTUDIOS AMBIENTALES,-73.21166667,7.93444444
24030680,EL PARAMO - AUT,Climática Principal,Automática con Telemetría,Activa,Santander,Carcasí,"(6.65333333, -72.59083333)","2,394",14/06/1974,,Area Operativa 08 - Santanderes-Arauca,0,Magdalena Cauca,Sogamoso,Río Chicamocha,INSTITUTO DE HIDROLOGIA METEOROLOGIA Y ESTUDIOS AMBIENTALES,-72.59083333,6.65333333
47015100,EL ENCANO - AUT,Climática Principal,Automática con Telemetría,Activa,Nariño,Pasto,"(1.15994444, -77.16147222)","2,83",14/09/1984,,Area Operativa 07 - Nariño-Putumayo,0,Amazonas,Putumayo,Alto Río Putumayo,INSTITUTO DE HIDROLOGIA METEOROLOGIA Y ESTUDIOS AMBIENTALES,-77.16147222,1.15994444
16055090,INSTITUCION AGRICOLA CONVENCION,Climática Principal,Convencional,Suspendida,Norte de Santander,Convención,"(8.47055556, -73.34388889)",176,14/08/1990,20/08/2019,Area Operativa 08 - Santanderes-Arauca,0,Caribe,Catatumbo,Río Algodonal (Alto Catatumbo),INSTITUTO DE HIDROLOGIA METEOROLOGIA Y ESTUDIOS AMBIENTALES,-73.34388889,8.47055556
51025020,RICAURTE,Climática Principal,Convencional,Suspendida,Nariño,Ricaurte (Nariño),"(1.2, -77.98333333)","1,181",15/01/1968,15/10/1993,Area Operativa 07 - Nariño-Putumayo,San Pedro,Pacifico,Mira,Río Mira,INSTITUTO DE HIDROLOGIA METEOROLOGIA Y ESTUDIOS AMBIENTALES,-77.98333333,1.2
51035020,CCCP DL PACIFICO,Climática Principal,Convencional,Activa,Nariño,Tumaco,"(1.81916667, -78.73)",1,15/09/1991,,Area Operativa 07 - Nariño-Putumayo,La Esmeralda,Pacifico,Mira,Río Rosario,INSTITUTO DE HIDROLOGIA METEOROLOGIA Y ESTUDIOS AMBIENTALES,-78.73,1.81916667
42075010,MITU,Climática Principal,Convencional,Activa,Vaupes,Mitú,"(1.26, -70.24)",180,15/03/1985,,Area Operativa 03 - Meta-Guaviare-Guainía,0,Amazonas,Vaupes,Bajo Vaupés,INSTITUTO DE HIDROLOGIA METEOROLOGIA Y ESTUDIOS AMBIENTALES,-70.24,1.26
44015030,VALENCIA,Climática Principal,Convencional,Activa,Cauca,San Sebastián,"(1.90041667, -76.66875)","2,9",15/04/1971,,Area Operativa 07 - Nariño-Putumayo,Caqueta,Amazonas,Caquetá,Alto Caqueta,INSTITUTO DE HIDROLOGIA METEOROLOGIA Y ESTUDIOS AMBIENTALES,-76.66875,1.90041667
52025060,GRANJA EXPERIMENTAL UNIVERSIDAD DE NARIÑO,Climática Principal,Convencional,Suspendida,Cauca,Mercaderes,"(1.90538889, -77.19269444)",580,14/08/1992,15/11/2018,Area Operativa 07 - Nariño-Putumayo,0,Pacifico,Patía,Río Patia Alto,INSTITUTO DE HIDROLOGIA METEOROLOGIA Y ESTUDIOS AMBIENTALES,-77.19269444,1.90538889
52055090,SINDAGUA,Climática Principal,Convencional,Activa,Nariño,Tangua,"(1.10758333, -77.38936111)","2,8",15/07/1987,,Area Operativa 07 - Nariño-Putumayo,Putumayo,Pacifico,Patía,Río Guáitara,INSTITUTO DE HIDROLOGIA METEOROLOGIA Y ESTUDIOS AMBIENTALES,-77.38936111,1.10758333
25025240,MAJAGUAL,Climática Principal,Convencional,Activa,Sucre,Majagual,"(8.54269444, -74.62733333)",26,14/11/1974,,Area Operativa 02 - Atlántico-Bolivar-Sucre,0,Magdalena Cauca,Bajo Magdalena- Cauca -San Jorge,Bajo San Jorge - La Mojana,INSTITUTO DE HIDROLOGIA METEOROLOGIA Y ESTUDIOS AMBIENTALES,-74.62733333,8.54269444
47075010,LA CHORRERA,Climática Principal,Convencional,Activa,Amazonas,La Chorrera,"(-1.44461111, -72.78958333)",160,15/06/1986,,Area Operativa 11 - Cundinamarca-Amazonas-San Andrés,0,Amazonas,Putumayo,Río Igará-Paraná,INSTITUTO DE HIDROLOGIA METEOROLOGIA Y ESTUDIOS AMBIENTALES,-72.78958333,-1.44461111
25025090,AEROPUERTO LAS FLORES,Climática Principal,Convencional,Activa,Magdalena,El Banco,"(9.04633333, -73.97083333)",34,14/02/1952,,Area Operativa 05 - Magdalena-Cesar-Guajira,0,Magdalena Cauca,Bajo Magdalena,Directos Bajo Magdalena entre El Banco y El Plato,INSTITUTO DE HIDROLOGIA METEOROLOGIA Y ESTUDIOS AMBIENTALES,-73.97083333,9.04633333
15065050,CAMP INTERCOR,Climática Principal,Convencional,Suspendida,La Guajira,Albania (La guajira),"(11.14286111, -72.51466667)",122,15/06/1978,06/01/2016,Area Operativa 05 - Magdalena-Cesar-Guajira,Ay Bruno,Caribe,Caribe - Guajira,Río Ranchería,INSTITUTO DE HIDROLOGIA METEOROLOGIA Y ESTUDIOS AMBIENTALES,-72.51466667,11.14286111
53045010,BONANZA,Climática Principal,Convencional,Suspendida,Cauca,Guapi,"(2.56666667, -77.88333333)",10,15/10/1966,31/03/2008,Area Operativa 07 - Nariño-Putumayo,Neiva,Pacifico,Tapaje - Dagua - Directos,Río Guapi,INSTITUTO DE HIDROLOGIA METEOROLOGIA Y ESTUDIOS AMBIENTALES,-77.88333333,2.56666667
21255150,GARCIA HACIENDA,Climática Principal,Convencional,Suspendida,Tolima,Lérida,"(4.85541667, -74.89155556)",350,15/12/1986,28/08/2014,Area Operativa 10 - Tolima,Rucio,Magdalena Cauca,Alto Magdalena,Río Lagunilla y Otros Directos al Magdalena,INSTITUTO DE HIDROLOGIA METEOROLOGIA Y ESTUDIOS AMBIENTALES,-74.89155556,4.85541667
26225050,PALMAR EL,Climática Principal,Convencional,Suspendida,Antioquia,Ituango,"(7.11666667, -75.66666667)",580,15/11/1982,15/11/1992,Area Operativa 01 - Antioquia-Chocó,Cga. San Silvestre,Magdalena Cauca,Cauca,Directos Río Cauca entre Río San Juan y Pto Valdia,INSTITUTO DE HIDROLOGIA METEOROLOGIA Y ESTUDIOS AMBIENTALES,-75.66666667,7.11666667
23195040,UNIVERSIDAD INDUSTRIAL SANTANDER,Climática Principal,Convencional,Suspendida,Santander,Bucaramanga,"(7.14472222, -73.12222222)",118,14/01/1957,21/01/2019,Area Operativa 08 - Santanderes-Arauca,0,Magdalena Cauca,Medio Magdalena,Río Lebrija y otros directos al Magdalena,INSTITUTO DE HIDROLOGIA METEOROLOGIA Y ESTUDIOS AMBIENTALES,-73.12222222,7.14472222
2319500159,UNIVERSIDAD INDUSTRIAL DE SANTANDER,Climática Principal,Automática con Telemetría,Activa,Santander,Bucaramanga,"(7.14, -73.12)",118,15/01/1957,,Area Operativa 08 - Santanderes-Arauca,0,Magdalena Cauca,Medio Magdalena,Río Lebrija y otros directos al Magdalena,INSTITUTO DE HIDROLOGIA METEOROLOGIA Y ESTUDIOS AMBIENTALES,-73.12,7.14
21055020,ESCUELA AGRICOLA LA PLATA,Climática Principal,Convencional,Activa,Huila,La Plata,"(2.38, -75.89)","1,07",15/12/1969,,Area Operativa 04 - Huila-Caquetá,0,Magdalena Cauca,Alto Magdalena,Río Páez,INSTITUTO DE HIDROLOGIA METEOROLOGIA Y ESTUDIOS AMBIENTALES,-75.89,2.38
35035120,SAN JUANITO ,Climática Principal,Convencional,Activa,Meta,San Juanito,"(4.45, -73.66666667)","3,3",15/06/1987,,Area Operativa 11 - Cundinamarca-Amazonas-San Andrés,Negro,Orinoco,Meta,Río Guatiquía,EMPRESA DE ACUEDUCTO Y ALCANTARILLADO DE BOGOTA E.S.P,-73.66666667,4.45
26145040,BELLA LA ,Climática Principal,Convencional,Activa,Caldas,Viterbo,"(5.06666667, -75.86666667)",880,15/06/1992,,Area Operativa 09 - Cauca-Valle-Caldas,Qda Santa Barbara,Magdalena Cauca,Cauca,Río Risaralda,FEDERACION NACIONAL DE CAFETEROS,-75.86666667,5.06666667
26155190,ALGARROBO EL ,Climática Principal,Convencional,Activa,Caldas,Manizales,"(5.06666667, -75.58333333)","1,202",15/11/1992,,Area Operativa 09 - Cauca-Valle-Caldas,Qda Santa Barbara,Magdalena Cauca,Cauca,Río Chinchiná,FEDERACION NACIONAL DE CAFETEROS,-75.58333333,5.06666667
23085170,PENOL EL ,Climática Principal,Convencional,Activa,Antioquia,Peñol,"(6.23333333, -75.21666667)","1,88",15/11/1959,,Area Operativa 01 - Antioquia-Chocó,Mosquita,Magdalena Cauca,Medio Magdalena,Río Nare,EMPRESAS PUBLICAS DE MEDELLIN E.S.P.,-75.21666667,6.23333333
23195210,ESPERANZA LA ,Climática Principal,Convencional,Activa,Santander,Floridablanca,"(7.06666667, -73.03333333)","1,02",15/09/1979,,Area Operativa 08 - Santanderes-Arauca,Magdalena,Magdalena Cauca,Medio Magdalena,Río Lebrija y otros directos al Magdalena,ESTACIONES PARTICULARES,-73.03333333,7.06666667
27025060,NECHI ,Climática Principal,Convencional,Activa,Antioquia,Anorí,"(7.21666667, -75.28333333)",1,01/04/1998,,Area Operativa 01 - Antioquia-Chocó,Qda San Antonio,Magdalena Cauca,Nechí,Alto Nechí,ESTACIONES PARTICULARES,-75.28333333,7.21666667
27025050,NECHI ,Climática Principal,Convencional,Activa,Antioquia,Anorí,"(7.23333333, -75.31666667)",680,15/04/1998,,Area Operativa 01 - Antioquia-Chocó,Lebrija,Magdalena Cauca,Nechí,Alto Nechí,EMPRESAS PUBLICAS DE MEDELLIN E.S.P.,-75.31666667,7.23333333
23195220,JULIAN REY ,Climática Principal,Convencional,Activa,Santander,Rionegro (Santander),"(7.33333333, -73.11666667)","1,36",15/01/1991,,Area Operativa 08 - Santanderes-Arauca,Porce,Magdalena Cauca,Medio Magdalena,Río Lebrija y otros directos al Magdalena,FEDERACION NACIONAL DE CAFETEROS,-73.11666667,7.33333333
23105050,HONDA LA ,Climática Principal,Convencional,Activa,Antioquia,Yolombó,"(6.7, -74.56666667)",540,15/08/1982,,Area Operativa 01 - Antioquia-Chocó,Oponcito,Magdalena Cauca,Medio Magdalena,Rió San Bartolo y otros directos al Magdalena Medio,EMPRESAS PUBLICAS DE MEDELLIN E.S.P.,-74.56666667,6.7
27015080,CAROLINA ,Climática Principal,Convencional,Activa,Antioquia,Carolina,"(6.7, -75.28333333)","1,86",15/09/1988,,Area Operativa 01 - Antioquia-Chocó,Carare,Magdalena Cauca,Nechí,Río Porce,EMPRESAS PUBLICAS DE MEDELLIN E.S.P.,-75.28333333,6.7
27015130,VEGA LA MEJIA ,Climática Principal,Convencional,Activa,Antioquia,Gómez Plata,"(6.75, -75.11666667)",750,15/09/1994,,Area Operativa 01 - Antioquia-Chocó,Guaduas,Magdalena Cauca,Nechí,Río Porce,EMPRESAS PUBLICAS DE MEDELLIN E.S.P.,-75.11666667,6.75
27015140,MANGO EL ,Climática Principal,Convencional,Activa,Antioquia,Amalfi,"(6.8, -75.13333333)",960,15/09/1990,,Area Operativa 01 - Antioquia-Chocó,Tenche,Magdalena Cauca,Nechí,Río Porce,EMPRESAS PUBLICAS DE MEDELLIN E.S.P.,-75.13333333,6.8
27015250,AMALFI ,Climática Principal,Convencional,Activa,Antioquia,Amalfi,"(6.9, -75.05)","1,5",15/11/1981,,Area Operativa 01 - Antioquia-Chocó,Canal Pajarito,Magdalena Cauca,Nechí,Río Porce,EMPRESAS PUBLICAS DE MEDELLIN E.S.P.,-75.05,6.9
23105040,GUAIRA LA ,Climática Principal,Convencional,Activa,Antioquia,Yalí,"(6.65, -74.75)",927,15/10/1983,,Area Operativa 01 - Antioquia-Chocó,Porce,Magdalena Cauca,Medio Magdalena,Rió San Bartolo y otros directos al Magdalena Medio,EMPRESAS PUBLICAS DE MEDELLIN E.S.P.,-74.75,6.65
27015230,CUCURUCHO ,Climática Principal,Convencional,Activa,Antioquia,Santa Rosa De Osos,"(6.65, -75.5)","2,58",15/05/1982,,Area Operativa 01 - Antioquia-Chocó,San Bartolome,Magdalena Cauca,Nechí,Río Porce,EMPRESAS PUBLICAS DE MEDELLIN E.S.P.,-75.5,6.65
26085180,YOTOCO  - AUT ,Climática Principal,Automática con Telemetría,Activa,Valle del Cauca,Yotoco,"(3.88166667, -76.36833333)",960,01/05/1997,,Area Operativa 09 - Cauca-Valle-Caldas,Calima,Magdalena Cauca,Cauca,Rios Arroyohondo - Yumbo - Mulalo - Vijes - Yotoco,CENTRO NACIONAL DE INVESTIGACION PARA LA CAÑA DE AZUCAR,-76.36833333,3.88166667
21206300,DONA JUANA ,Climática Principal,Convencional,Activa,Bogotá,"Bogota, D.C","(4.5, -74.16666667)","2,7",15/03/1989,,Area Operativa 11 - Cundinamarca-Amazonas-San Andrés,Rio Aguas Claras,Magdalena Cauca,Alto Magdalena,Río Bogotá,CAR - CORPORACION AUTONOMA REGIONAL DE CUNDINAMARCA,-74.16666667,4.5
21206310,TISQUESUSA ,Climática Principal,Convencional,Activa,Cundinamarca,Facatativá,"(4.81666667, -74.31666667)","2,57",15/10/1986,,Area Operativa 11 - Cundinamarca-Amazonas-San Andrés,Qda La Palma,Magdalena Cauca,Alto Magdalena,Río Bogotá,CAR - CORPORACION AUTONOMA REGIONAL DE CUNDINAMARCA,-74.31666667,4.81666667
26155090,SANTAGUEDA ,Climática Principal,Convencional,Activa,Caldas,Palestina (Caldas),"(5.08333333, -75.66666667)","1,01",15/01/1964,,Area Operativa 09 - Cauca-Valle-Caldas,Qda Santa Barbara,Magdalena Cauca,Cauca,Río Chinchiná,FEDERACION NACIONAL DE CAFETEROS,-75.66666667,5.08333333
26155180,EMAS ,Climática Principal,Convencional,Activa,Caldas,Manizales,"(5.08333333, -75.51666667)","2,046",15/06/1997,,Area Operativa 09 - Cauca-Valle-Caldas,Qda Santa Barbara,Magdalena Cauca,Cauca,Río Chinchiná,ESTACIONES PARTICULARES,-75.51666667,5.08333333
21205400,CHECUA-NEMOCON ,Climática Principal,Convencional,Activa,Cundinamarca,Nemocón,"(5.11666667, -73.86666667)","2,58",15/04/1953,,Area Operativa 11 - Cundinamarca-Amazonas-San Andrés,Cauca,Magdalena Cauca,Alto Magdalena,Río Bogotá,CAR - CORPORACION AUTONOMA REGIONAL DE CUNDINAMARCA,-73.86666667,5.11666667
26195040,TRAPICHE EL ,Climática Principal,Convencional,Activa,Antioquia,Ciudad Bolívar,"(5.8, -76.01666667)","1,273",15/11/1996,,Area Operativa 01 - Antioquia-Chocó,Perillo,Magdalena Cauca,Cauca,Río San Juan,FEDERACION NACIONAL DE CAFETEROS,-76.01666667,5.8
26095330,SAN MARCOS  - AUT ,Climática Principal,Automática con Telemetría,Activa,Valle del Cauca,Pradera,"(3.60694444, -76.4575)",960,01/05/1993,,Area Operativa 09 - Cauca-Valle-Caldas,Anchicaya,Magdalena Cauca,Cauca,Rios Arroyohondo - Yumbo - Mulalo - Vijes - Yotoco,CENTRO NACIONAL DE INVESTIGACION PARA LA CAÑA DE AZUCAR,-76.4575,3.60694444
21205410,REPRESA DEL NEUSA ,Climática Principal,Convencional,Activa,Cundinamarca,Cogua,"(5.15, -73.98333333)","3,1",15/05/1947,,Area Operativa 11 - Cundinamarca-Amazonas-San Andrés,Rio Neusa,Magdalena Cauca,Alto Magdalena,Río Bogotá,CAR - CORPORACION AUTONOMA REGIONAL DE CUNDINAMARCA,-73.98333333,5.15
21215010,PRIMAVERA LA ,Climática Principal,Convencional,Activa,Tolima,Ibagué,"(4.41666667, -75.25)","1,3",15/01/1991,,Area Operativa 10 - Tolima,Canal La Sala,Magdalena Cauca,Alto Magdalena,Río Coello,FEDERACION NACIONAL DE CAFETEROS,-75.25,4.41666667
26125240,CATALINA LA ,Climática Principal,Convencional,Activa,RIsaralda,Pereira,"(4.75, -75.75)","1,35",15/06/1986,,Area Operativa 09 - Cauca-Valle-Caldas,Apulo,Magdalena Cauca,Cauca,Río La Vieja,FEDERACION NACIONAL DE CAFETEROS,-75.75,4.75
21205650,TABIO ,Climática Principal,Convencional,Activa,Cundinamarca,Tabio,"(4.76666667, -73.93333333)","2,62",15/07/1970,,Area Operativa 11 - Cundinamarca-Amazonas-San Andrés,Rio Bata,Magdalena Cauca,Alto Magdalena,Río Bogotá,CAR - CORPORACION AUTONOMA REGIONAL DE CUNDINAMARCA,-73.93333333,4.76666667
26095300,ANAIME  - AUT ,Climática Principal,Automática con Telemetría,Activa,Valle del Cauca,El Cerrito,"(3.63944444, -76.25972222)","1,05",01/05/1993,,Area Operativa 09 - Cauca-Valle-Caldas,Amaime,Magdalena Cauca,Cauca,Ríos Amaime y Cerrito,CENTRO NACIONAL DE INVESTIGACION PARA LA CAÑA DE AZUCAR,-76.25972222,3.63944444
22045030,IRCO DOSAGUAS ,Climática Principal,Convencional,Activa,Tolima,Chaparral,"(3.66666667, -75.61666667)","1,21",15/12/1997,,Area Operativa 10 - Tolima,Anchicaya,Magdalena Cauca,Saldaña,Río Amoyá,FEDERACION NACIONAL DE CAFETEROS,-75.61666667,3.66666667
26095290,GINEBRA  - AUT ,Climática Principal,Automática con Telemetría,Activa,Valle del Cauca,Ginebra,"(3.68694444, -76.27333333)",990,01/05/1997,,Area Operativa 09 - Cauca-Valle-Caldas,Anchicaya,Magdalena Cauca,Cauca,"Ríos Guabas,Sabaletas y Sonso",CENTRO NACIONAL DE INVESTIGACION PARA LA CAÑA DE AZUCAR,-76.27333333,3.68694444
21206400,VICTORIA LA ,Climática Principal,Convencional,Activa,Cundinamarca,Tocaima,"(4.46666667, -74.6)",380,15/12/1986,,Area Operativa 10 - Tolima,Rio Bajo Bogota,Magdalena Cauca,Alto Magdalena,Río Bogotá,CAR - CORPORACION AUTONOMA REGIONAL DE CUNDINAMARCA,-74.6,4.46666667
54035030,ALBAN ,Climática Principal,Convencional,Activa,Valle del Cauca,El Cairo,"(4.76666667, -76.21666667)","1,4",15/06/1973,,Area Operativa 09 - Cauca-Valle-Caldas,Balcones,Pacifico,San Juán,Río Sipí,FEDERACION NACIONAL DE CAFETEROS,-76.21666667,4.76666667
26095280,GUACARI  - AUT ,Climática Principal,Automática con Telemetría,Activa,Valle del Cauca,Guacarí,"(3.77694444, -76.32888889)","1,02",01/05/1993,,Area Operativa 09 - Cauca-Valle-Caldas,Guabas,Magdalena Cauca,Cauca,"Ríos Guabas,Sabaletas y Sonso",CENTRO NACIONAL DE INVESTIGACION PARA LA CAÑA DE AZUCAR,-76.32888889,3.77694444
26115070,CANADA ,Climática Principal,Convencional,Activa,Valle del Cauca,Ansermanuevo,"(4.8, -75.95)",904,15/01/1993,,Area Operativa 09 - Cauca-Valle-Caldas,Bogota,Magdalena Cauca,Cauca,Rios Las Cañas - Los Micos y Obando,FEDERACION NACIONAL DE CAFETEROS,-75.95,4.8
21206440,ARGELIA ,Climática Principal,Convencional,Activa,Cundinamarca,Ricaurte (Cundinamarca),"(4.31666667, -74.68333333)",320,15/12/1991,,Area Operativa 10 - Tolima,Sumapaz,Magdalena Cauca,Alto Magdalena,Río Sumapaz,CAR - CORPORACION AUTONOMA REGIONAL DE CUNDINAMARCA,-74.68333333,4.31666667
26105270,LA PAILA  - AUT ,Climática Principal,Automática con Telemetría,Activa,Valle del Cauca,Zarzal,"(4.3275, -76.08805556)",930,01/05/1993,,Area Operativa 09 - Cauca-Valle-Caldas,San Me,Magdalena Cauca,Cauca,Río Paila,CENTRO NACIONAL DE INVESTIGACION PARA LA CAÑA DE AZUCAR,-76.08805556,4.3275
21195140,UNIV FUSAGASUGA ,Climática Principal,Convencional,Activa,Cundinamarca,Fusagasugá,"(4.33333333, -74.36666667)","1,72",15/06/1996,,Area Operativa 11 - Cundinamarca-Amazonas-San Andrés,San Me,Magdalena Cauca,Alto Magdalena,Río Sumapaz,CAR - CORPORACION AUTONOMA REGIONAL DE CUNDINAMARCA,-74.36666667,4.33333333
26125140,VENECIA ,Climática Principal,Convencional,Activa,Valle del Cauca,Caicedonia,"(4.33333333, -75.83333333)","1,17",15/01/1984,,Area Operativa 09 - Cauca-Valle-Caldas,Paila,Magdalena Cauca,Cauca,Río La Vieja,FEDERACION NACIONAL DE CAFETEROS,-75.83333333,4.33333333
26105260,ZARZAL  - AUT ,Climática Principal,Automática con Telemetría,Activa,Valle del Cauca,Zarzal,"(4.34972222, -76.0775)",950,01/05/1997,,Area Operativa 09 - Cauca-Valle-Caldas,Paila,Magdalena Cauca,Cauca,Rios Las Cañas - Los Micos y Obando,CENTRO NACIONAL DE INVESTIGACION PARA LA CAÑA DE AZUCAR,-76.0775,4.34972222
26175100,CRISTALINA LA ,Climática Principal,Convencional,Activa,Antioquia,Támesis,"(5.7, -75.58333333)",775,15/01/1996,,Area Operativa 01 - Antioquia-Chocó,Suarez,Magdalena Cauca,Cauca,Rio Tapias y otros directos al Cauca,FEDERACION NACIONAL DE CAFETEROS,-75.58333333,5.7
23065140,STA BARBARA ,Climática Principal,Convencional,Activa,Cundinamarca,Sasaima,"(4.95, -74.41666667)","1,45",15/01/1991,,Area Operativa 11 - Cundinamarca-Amazonas-San Andrés,Qda Salitre,Magdalena Cauca,Medio Magdalena,Río Negro,FEDERACION NACIONAL DE CAFETEROS,-74.41666667,4.95
35095040,OLARTE EL ,Climática Principal,Convencional,Activa,Boyacá,Aquitania,"(5.48333333, -72.93333333)","3,03",15/02/1984,,Area Operativa 06 - Boyacá-Casanare-Vichada,Bugalagrande,Orinoco,Meta,Lago de Tota,CAR - CORPORACION AUTONOMA REGIONAL DE CUNDINAMARCA,-72.93333333,5.48333333
24015130,SIMIJACA ,Climática Principal,Convencional,Activa,Cundinamarca,Simijaca,"(5.5, -73.85)","2,572",15/11/1984,,Area Operativa 11 - Cundinamarca-Amazonas-San Andrés,San Luis,Magdalena Cauca,Sogamoso,Río Suárez,CAR - CORPORACION AUTONOMA REGIONAL DE CUNDINAMARCA,-73.85,5.5
26135050,NARANJAL ,Climática Principal,Convencional,Activa,Caldas,Chinchina,"(4.96666667, -75.7)","1,4",15/12/1950,,Area Operativa 09 - Cauca-Valle-Caldas,Lagunilla,Magdalena Cauca,Cauca,Río Otún y otros directos al Cauca,FEDERACION NACIONAL DE CAFETEROS,-75.7,4.96666667
26135270,PLANALTO ,Climática Principal,Convencional,Activa,Caldas,Chinchina,"(4.98333333, -75.58333333)","1,406",15/03/1993,,Area Operativa 09 - Cauca-Valle-Caldas,Bituima,Magdalena Cauca,Cauca,Río Chinchiná,FEDERACION NACIONAL DE CAFETEROS,-75.58333333,4.98333333
26105280,BUGALAGRANDE  - AUT ,Climática Principal,Automática con Telemetría,Activa,Valle del Cauca,Bugalagrande,"(4.20194444, -76.18472222)",870,01/05/1997,,Area Operativa 09 - Cauca-Valle-Caldas,Santa Rosa,Magdalena Cauca,Cauca,Río Bugalagrande,CENTRO NACIONAL DE INVESTIGACION PARA LA CAÑA DE AZUCAR,-76.18472222,4.20194444
21206390,MESA LA ,Climática Principal,Convencional,Activa,Cundinamarca,La Mesa,"(4.63333333, -74.43333333)","1,3",15/09/1985,,Area Operativa 11 - Cundinamarca-Amazonas-San Andrés,Suarez,Magdalena Cauca,Alto Magdalena,Río Bogotá,CAR - CORPORACION AUTONOMA REGIONAL DE CUNDINAMARCA,-74.43333333,4.63333333
26155020,CENICAFE ,Climática Principal,Convencional,Activa,Caldas,Chinchina,"(4.98333333, -75.58333333)","1,31",15/04/1941,,Area Operativa 09 - Cauca-Valle-Caldas,Qda Santa Barbara,Magdalena Cauca,Cauca,Río Chinchiná,FEDERACION NACIONAL DE CAFETEROS,-75.58333333,4.98333333
24025070,ALBERTO SANTOS ,Climática Principal,Convencional,Activa,Santander,Socorro,"(5.0, -75.6)","1,5",15/01/1994,,Area Operativa 08 - Santanderes-Arauca,Ngro,Magdalena Cauca,Cauca,Río Chinchiná,FEDERACION NACIONAL DE CAFETEROS,-75.6,5.0
26155200,FRUTIFLORIDA ,Climática Principal,Convencional,Activa,Caldas,Villamaria,"(5.01666667, -75.46666667)","2,13",15/11/1993,,Area Operativa 09 - Cauca-Valle-Caldas,Campoalegre,Magdalena Cauca,Cauca,Río Chinchiná,FEDERACION NACIONAL DE CAFETEROS,-75.46666667,5.01666667
21205480,IBERIA LA ,Climática Principal,Convencional,Activa,Cundinamarca,Chocontá,"(5.03333333, -73.71666667)","2,76",15/08/1955,,Area Operativa 11 - Cundinamarca-Amazonas-San Andrés,Embalse Tomine,Magdalena Cauca,Alto Magdalena,Río Bogotá,CAR - CORPORACION AUTONOMA REGIONAL DE CUNDINAMARCA,-73.71666667,5.03333333
26105120,SIRENA LA ,Climática Principal,Convencional,Activa,Valle del Cauca,Sevilla,"(4.28333333, -75.91666667)","1,54",15/03/1988,,Area Operativa 09 - Cauca-Valle-Caldas,Coello,Magdalena Cauca,Cauca,Río Paila,FEDERACION NACIONAL DE CAFETEROS,-75.91666667,4.28333333
24015180,ESCLUSA TOLON ,Climática Principal,Convencional,Activa,Boyacá,Chiquinquirá,"(5.61666667, -73.78333333)","2,545",15/05/1963,,Area Operativa 06 - Boyacá-Casanare-Vichada,Qda Filadelfia,Magdalena Cauca,Sogamoso,Río Suárez,CAR - CORPORACION AUTONOMA REGIONAL DE CUNDINAMARCA,-73.78333333,5.61666667
21235020,PLACER EL ,Climática Principal,Convencional,Activa,Cundinamarca,Pulí,"(4.66666667, -74.75)",1,15/12/1999,,Area Operativa 10 - Tolima,Fucha,Magdalena Cauca,Alto Magdalena,Río Seco y otros Directos al Magdalena,CAR - CORPORACION AUTONOMA REGIONAL DE CUNDINAMARCA,-74.75,4.66666667
26125270,BREMEN ,Climática Principal,Convencional,Activa,Quindío,Filandia,"(4.66666667, -75.6)","2,07",15/01/1999,,Area Operativa 09 - Cauca-Valle-Caldas,Fucha,Magdalena Cauca,Cauca,Río La Vieja,CORPORACION REGIONAL DEL QUINDIO,-75.6,4.66666667
26105210,CARTAGO  - AUT ,Climática Principal,Automática con Telemetría,Activa,Valle del Cauca,Cartago,"(4.68305556, -76.01416667)",920,01/05/1995,,Area Operativa 09 - Cauca-Valle-Caldas,Qda Santa Barbara,Magdalena Cauca,Cauca,Ríos Tulua y Morales,CENTRO NACIONAL DE INVESTIGACION PARA LA CAÑA DE AZUCAR,-76.01416667,4.68305556
26145100,VITERBO  - AUT ,Climática Principal,Automática con Telemetría,Activa,Caldas,Viterbo,"(5.03611111, -75.86083333)",840,01/05/1996,,Area Operativa 09 - Cauca-Valle-Caldas,Bogota,Magdalena Cauca,Cauca,Río Risaralda,CENTRO NACIONAL DE INVESTIGACION PARA LA CAÑA DE AZUCAR,-75.86083333,5.03611111
26125250,MARACAY ,Climática Principal,Convencional,Activa,Quindío,Quimbaya,"(4.6, -75.76666667)","1,45",15/01/1977,,Area Operativa 09 - Cauca-Valle-Caldas,Tunjuelito,Magdalena Cauca,Cauca,Río La Vieja,FEDERACION NACIONAL DE CAFETEROS,-75.76666667,4.6
23065150,STA ROSITA ,Climática Principal,Convencional,Activa,Cundinamarca,El Peñón (Cundinamarca),"(5.28333333, -74.28333333)","1,43",15/01/1991,,Area Operativa 11 - Cundinamarca-Amazonas-San Andrés,Rio Suta,Magdalena Cauca,Medio Magdalena,Río Negro,FEDERACION NACIONAL DE CAFETEROS,-74.28333333,5.28333333
24015340,HATO EL ,Climática Principal,Convencional,Activa,Cundinamarca,Carmen De Carupa,"(5.28333333, -73.9)","2,9",15/10/1962,,Area Operativa 11 - Cundinamarca-Amazonas-San Andrés,Rio Suta,Magdalena Cauca,Sogamoso,Río Suárez,CAR - CORPORACION AUTONOMA REGIONAL DE CUNDINAMARCA,-73.9,5.28333333
21206410,ESC SAMPER MADRID ,Climática Principal,Convencional,Activa,Cundinamarca,Apulo,"(4.51666667, -74.58333333)",550,15/03/1987,,Area Operativa 11 - Cundinamarca-Amazonas-San Andrés,San Juan,Magdalena Cauca,Alto Magdalena,Río Bogotá,CAR - CORPORACION AUTONOMA REGIONAL DE CUNDINAMARCA,-74.58333333,4.51666667
21205570,PRIMAVERA LA ,Climática Principal,Convencional,Activa,Cundinamarca,Subachoque,"(4.85, -74.21666667)","2,59",15/06/1965,,Area Operativa 11 - Cundinamarca-Amazonas-San Andrés,Juiquin,Magdalena Cauca,Alto Magdalena,Río Bogotá,CAR - CORPORACION AUTONOMA REGIONAL DE CUNDINAMARCA,-74.21666667,4.85
21205610,MUNA ,Climática Principal,Convencional,Activa,Cundinamarca,Sibaté,"(4.55, -74.25)","2,565",15/07/1966,,Area Operativa 11 - Cundinamarca-Amazonas-San Andrés,Chingaza,Magdalena Cauca,Alto Magdalena,Río Bogotá,CAR - CORPORACION AUTONOMA REGIONAL DE CUNDINAMARCA,-74.25,4.55
21206290,VENECIA ,Climática Principal,Convencional,Activa,Cundinamarca,Facatativá,"(4.86666667, -74.41666667)","2,673",15/12/1986,,Area Operativa 11 - Cundinamarca-Amazonas-San Andrés,San Cristobal,Magdalena Cauca,Alto Magdalena,Río Bogotá,CAR - CORPORACION AUTONOMA REGIONAL DE CUNDINAMARCA,-74.41666667,4.86666667
26135280,PILAMO EL ,Climática Principal,Convencional,Activa,RIsaralda,Pereira,"(4.86666667, -75.8)","1,113",15/12/1997,,Area Operativa 09 - Cauca-Valle-Caldas,Pava,Magdalena Cauca,Cauca,Río Otún y otros directos al Cauca,FEDERACION NACIONAL DE CAFETEROS,-75.8,4.86666667
21205620,GUATAVITA ,Climática Principal,Convencional,Activa,Cundinamarca,Guatavita,"(4.88333333, -73.36666667)","2,625",15/11/1967,,Area Operativa 11 - Cundinamarca-Amazonas-San Andrés,Rio Aves,Orinoco,Meta,Río Garagoa,CAR - CORPORACION AUTONOMA REGIONAL DE CUNDINAMARCA,-73.36666667,4.88333333
21165040,HORIZONTE EL ,Climática Principal,Convencional,Activa,Tolima,Cunday,"(4.06666667, -74.6)","1,27",15/03/1997,,Area Operativa 10 - Tolima,Orinoco,Magdalena Cauca,Alto Magdalena,Río Prado,FEDERACION NACIONAL DE CAFETEROS,-74.6,4.06666667
26125310,RISARALDA  - AUT ,Climática Principal,Automática con Telemetría,Activa,Quindío,Salento,"(4.90916667, -75.8925)",900,01/05/1993,,Area Operativa 09 - Cauca-Valle-Caldas,Embalse,Magdalena Cauca,Cauca,Río Risaralda,CENTRO NACIONAL DE INVESTIGACION PARA LA CAÑA DE AZUCAR,-75.8925,4.90916667
23065170,GUADUAS ,Climática Principal,Convencional,Activa,Cundinamarca,Guaduas,"(4.05, -74.6)",1,15/12/1999,,Area Operativa 10 - Tolima,Embalse,Magdalena Cauca,Alto Magdalena,Río Prado,CAR - CORPORACION AUTONOMA REGIONAL DE CUNDINAMARCA,-74.6,4.05
26095380,TULUA  - AUT ,Climática Principal,Automática con Telemetría,Activa,Valle del Cauca,Tuluá,"(4.055, -76.23694444)",960,01/05/1993,,Area Operativa 09 - Cauca-Valle-Caldas,Orinoco,Magdalena Cauca,Cauca,Ríos Tulua y Morales,CENTRO NACIONAL DE INVESTIGACION PARA LA CAÑA DE AZUCAR,-76.23694444,4.055
26075140,MELENDEZ  - AUT ,Climática Principal,Automática con Telemetría,Activa,Valle del Cauca,Pradera,"(3.36916667, -76.52)",960,01/05/1993,,Area Operativa 09 - Cauca-Valle-Caldas,Ay Pozo Hondo,Magdalena Cauca,Cauca,"Ríos Lilí, Melendez y Canaveralejo",CENTRO NACIONAL DE INVESTIGACION PARA LA CAÑA DE AZUCAR,-76.52,3.36916667
26075130,PRADERA  - AUT ,Climática Principal,Automática con Telemetría,Activa,Valle del Cauca,Pradera,"(3.39694444, -76.23555556)","1,02",01/05/1995,,Area Operativa 09 - Cauca-Valle-Caldas,Fraile,Magdalena Cauca,Cauca,Río Guachal (Bolo - Fraile y Párraga),CENTRO NACIONAL DE INVESTIGACION PARA LA CAÑA DE AZUCAR,-76.23555556,3.39694444
26065050,CANDELARIA  - AUT ,Climática Principal,Automática con Telemetría,Activa,Valle del Cauca,Candelaria (Valle del cauca),"(3.43777778, -76.34027778)",1,01/05/1993,,Area Operativa 09 - Cauca-Valle-Caldas,Pichinde,Magdalena Cauca,Cauca,Río Guachal (Bolo - Fraile y Párraga),CENTRO NACIONAL DE INVESTIGACION PARA LA CAÑA DE AZUCAR,-76.34027778,3.43777778
26085190,BASE AEREA  - AUT ,Climática Principal,Automática con Telemetría,Activa,Valle del Cauca,Cali,"(3.45472222, -76.49888889)",960,01/05/1997,,Area Operativa 09 - Cauca-Valle-Caldas,Cali,Magdalena Cauca,Cauca,"Ríos Lilí, Melendez y Canaveralejo",CENTRO NACIONAL DE INVESTIGACION PARA LA CAÑA DE AZUCAR,-76.49888889,3.45472222
26175090,VIRGEN DE ORO ,Climática Principal,Convencional,Activa,Antioquia,Támesis,"(5.75, -75.7)","1,656",15/12/1997,,Area Operativa 01 - Antioquia-Chocó,Chicamocha,Magdalena Cauca,Cauca,Río Frío y Otros Directos al Cauca,FEDERACION NACIONAL DE CAFETEROS,-75.7,5.75
26125080,PARAGUAYCITO ,Climática Principal,Convencional,Activa,Quindío,Buenavista (Quindío),"(4.38333333, -75.73333333)","1,25",15/09/1962,,Area Operativa 09 - Cauca-Valle-Caldas,Chisaca,Magdalena Cauca,Cauca,Río La Vieja,FEDERACION NACIONAL DE CAFETEROS,-75.73333333,4.38333333
21206470,ESPERANZA LA ,Climática Principal,Convencional,Activa,Cundinamarca,La Mesa,"(4.7, -74.33333333)","1,24",15/12/1992,,Area Operativa 11 - Cundinamarca-Amazonas-San Andrés,San Juan,Magdalena Cauca,Alto Magdalena,Río Bogotá,CAR - CORPORACION AUTONOMA REGIONAL DE CUNDINAMARCA,-74.33333333,4.7
26205020,ROSARIO EL ,Climática Principal,Convencional,Activa,Antioquia,Venecia (Antioquia),"(5.93333333, -75.71666667)","1,6",15/01/1967,,Area Operativa 01 - Antioquia-Chocó,Piedras,Magdalena Cauca,Cauca,Directos Río Cauca  entre Río San Juan y  Pto Valdivia,FEDERACION NACIONAL DE CAFETEROS,-75.71666667,5.93333333
26095370,PALMIRA SAN JOSE  - AUT ,Climática Principal,Automática con Telemetría,Activa,Valle del Cauca,Palmira,"(3.52138889, -76.26444444)","1,08",01/05/1996,,Area Operativa 09 - Cauca-Valle-Caldas,Anchicaya,Magdalena Cauca,Cauca,Ríos Amaime y Cerrito,CENTRO NACIONAL DE INVESTIGACION PARA LA CAÑA DE AZUCAR,-76.26444444,3.52138889
26095360,ARROYO HONDO  - AUT ,Climática Principal,Automática con Telemetría,Activa,Valle del Cauca,Palmira,"(3.53027778, -76.50166667)",960,01/05/1996,,Area Operativa 09 - Cauca-Valle-Caldas,Anchicaya,Magdalena Cauca,Cauca,Rios Arroyohondo - Yumbo - Mulalo - Vijes - Yotoco,CENTRO NACIONAL DE INVESTIGACION PARA LA CAÑA DE AZUCAR,-76.50166667,3.53027778
26095350,PALMIRA CASCAJAL  - AUT ,Climática Principal,Automática con Telemetría,Activa,Valle del Cauca,Palmira,"(3.57111111, -76.31638889)",960,01/05/1996,,Area Operativa 09 - Cauca-Valle-Caldas,Digua,Magdalena Cauca,Cauca,Ríos Amaime y Cerrito,CENTRO NACIONAL DE INVESTIGACION PARA LA CAÑA DE AZUCAR,-76.31638889,3.57111111
26095340,PALMIRA LA RITA  - AUT ,Climática Principal,Automática con Telemetría,Activa,Valle del Cauca,Palmira,"(3.57416667, -76.27777778)",960,01/05/1993,,Area Operativa 09 - Cauca-Valle-Caldas,Digua,Magdalena Cauca,Cauca,Ríos Amaime y Cerrito,CENTRO NACIONAL DE INVESTIGACION PARA LA CAÑA DE AZUCAR,-76.27777778,3.57416667
26025160,S/DER QUILICHAO  - AUT ,Climática Principal,Automática con Telemetría,Activa,Cauca,Santander De Quilichao,"(3.06305556, -76.47361111)",930,01/05/1997,,Area Operativa 09 - Cauca-Valle-Caldas,La Teta,Magdalena Cauca,Cauca,Río Quinamayo y otros directos al Cauca,CENTRO NACIONAL DE INVESTIGACION PARA LA CAÑA DE AZUCAR,-76.47361111,3.06305556
26025150,CORINTO  - AUT ,Climática Principal,Automática con Telemetría,Activa,Cauca,Corinto,"(3.12027778, -76.3325)",1,01/03/1995,,Area Operativa 09 - Cauca-Valle-Caldas,Naya,Magdalena Cauca,Cauca,Río Palo,CENTRO NACIONAL DE INVESTIGACION PARA LA CAÑA DE AZUCAR,-76.3325,3.12027778
26025140,EL NARANJO  - AUT ,Climática Principal,Automática con Telemetría,Activa,Cauca,Corinto,"(3.19555556, -76.39)",980,01/05/1993,,Area Operativa 09 - Cauca-Valle-Caldas,Paila,Magdalena Cauca,Cauca,Río Palo,CENTRO NACIONAL DE INVESTIGACION PARA LA CAÑA DE AZUCAR,-76.39,3.19555556
26065030,MIRANDA  - AUT ,Climática Principal,Automática con Telemetría,Activa,Cauca,Miranda,"(3.26111111, -76.2875)","1,05",03/04/1993,,Area Operativa 09 - Cauca-Valle-Caldas,Desbaratado,Magdalena Cauca,Cauca,Río Palo,CENTRO NACIONAL DE INVESTIGACION PARA LA CAÑA DE AZUCAR,-76.2875,3.26111111
26025120,BOCAS DE PALO  - AUT ,Climática Principal,Automática con Telemetría,Activa,Cauca,Corinto,"(3.26805556, -76.47888889)",960,01/03/1995,,Area Operativa 09 - Cauca-Valle-Caldas,Desbaratado,Magdalena Cauca,Cauca,Ríos Claro y Jamundí,CENTRO NACIONAL DE INVESTIGACION PARA LA CAÑA DE AZUCAR,-76.47888889,3.26805556
26025130,ORTIGAL  - AUT ,Climática Principal,Automática con Telemetría,Activa,Cauca,Corinto,"(3.27, -76.34861111)","1,02",01/03/1995,,Area Operativa 09 - Cauca-Valle-Caldas,Desbaratado,Magdalena Cauca,Cauca,Río Palacé,CENTRO NACIONAL DE INVESTIGACION PARA LA CAÑA DE AZUCAR,-76.34861111,3.27
26035060,MANUEL MEJIA ,Climática Principal,Convencional,Activa,Cauca,El Tambo (Cauca),"(2.4, -76.8)","1,7",15/01/1955,,Area Operativa 09 - Cauca-Valle-Caldas,Canal Principal,Pacifico,Patía,Río Patia Alto,FEDERACION NACIONAL DE CAFETEROS,-76.8,2.4
26035080,CAMPIÑA LA ,Climática Principal,Convencional,Suspendida,Cauca,Timbío,"(2.4, -76.66666667)","1,8",15/01/1991,15/04/1993,Area Operativa 09 - Cauca-Valle-Caldas,Canal Principal,Magdalena Cauca,Cauca,Rio Salado y otros directos Cauca,FEDERACION NACIONAL DE CAFETEROS,-76.66666667,2.4
23085050,STA RITA ,Climática Principal,Convencional,Activa,Antioquia,Alejandría,"(6.31666667, -75.16666667)","1,875",15/11/1958,,Area Operativa 01 - Antioquia-Chocó,Nendo,Magdalena Cauca,Medio Magdalena,Río Nare,EMPRESAS PUBLICAS DE MEDELLIN E.S.P.,-75.16666667,6.31666667
23085230,PLAYAS ,Climática Principal,Convencional,Activa,Antioquia,San Rafael,"(6.33333333, -74.96666667)","1,21",15/06/1983,,Area Operativa 01 - Antioquia-Chocó,Nendo,Magdalena Cauca,Medio Magdalena,Río Nare,EMPRESAS PUBLICAS DE MEDELLIN E.S.P.,-74.96666667,6.33333333
23085090,ALDEA LA ,Climática Principal,Convencional,Activa,Antioquia,Cocorná,"(6.06666667, -75.18333333)","1,42",15/01/1991,,Area Operativa 01 - Antioquia-Chocó,Qda La Salada,Magdalena Cauca,Medio Magdalena,Río Nare,FEDERACION NACIONAL DE CAFETEROS,-75.18333333,6.06666667
23085120,MAQUINA LA ,Climática Principal,Convencional,Activa,Antioquia,Cocorná,"(6.06666667, -75.2)","1,23",15/01/1991,,Area Operativa 01 - Antioquia-Chocó,Qda La Salada,Magdalena Cauca,Medio Magdalena,Río Nare,FEDERACION NACIONAL DE CAFETEROS,-75.2,6.06666667
23085240,SAMANA ,Climática Principal,Convencional,Activa,Antioquia,San Carlos (Antioquia),"(6.1, -74.83333333)",800,15/06/1983,,Area Operativa 01 - Antioquia-Chocó,Pantanillo,Magdalena Cauca,Medio Magdalena,Río Nare,EMPRESAS PUBLICAS DE MEDELLIN E.S.P.,-74.83333333,6.1
27015220,SAN PEDRO ,Climática Principal,Convencional,Activa,Antioquia,San Pedro (Antioquia),"(6.5, -75.56666667)","2,392",15/03/1982,,Area Operativa 01 - Antioquia-Chocó,Monas,Magdalena Cauca,Nechí,Río Porce,EMPRESAS PUBLICAS DE MEDELLIN E.S.P.,-75.56666667,6.5
27015240,RIOGRANDE ,Climática Principal,Convencional,Activa,Antioquia,Don Matías,"(6.51666667, -75.4)","2,21",15/06/1982,,Area Operativa 01 - Antioquia-Chocó,Grande,Magdalena Cauca,Nechí,Río Porce,EMPRESAS PUBLICAS DE MEDELLIN E.S.P.,-75.4,6.51666667
